Fecha,TRM
2019-01-01,3200.0
2019-01-02,3213.3558823170874
2019-01-03,3210.444214249688
2019-01-04,3227.721246450787
2019-01-07,3267.694117312134
2019-01-08,3262.2265232945388
2019-01-09,3256.768506270853
2019-01-10,3298.564904470057
2019-01-11,3319.4760835633933
2019-01-14,3307.6727068124524
2019-01-15,3322.691129737625
2019-01-16,3311.037317105401
2019-01-17,3299.3631358187627
2019-01-18,3306.4095796384377
2019-01-21,3256.462156518609
2019-01-22,3212.1764117924504
2019-01-23,3198.3695131702257
2019-01-24,3173.0939216547185
2019-01-25,3181.7056308466836
2019-01-28,3159.2294494606112
2019-01-29,3124.166963791778
2019-01-30,3161.423248899631
2019-01-31,3156.345337986141
2019-02-01,3158.6817457261327
2019-02-04,3123.3108733708873
2019-02-05,3110.333323683283
2019-02-06,3113.715440165011
2019-02-07,3085.6672514646393
2019-02-08,3095.5586174881273
2019-02-11,3081.3032310310255
2019-02-12,3074.729116527555
2019-02-13,3060.5433836290294
2019-02-14,3106.507314243669
2019-02-15,3106.793181887555
2019-02-18,3081.1258277040274
2019-02-19,3102.0169678545894
2019-02-20,3072.340749509699
2019-02-21,3078.0888187317787
2019-02-22,3030.4481269217886
2019-02-25,2998.85422515447
2019-02-26,3004.176861191143
2019-02-27,3022.525570262462
2019-02-28,3027.2737954711433
2019-03-01,3025.078458112116
2019-03-04,3018.3965753782577
2019-03-05,2983.2981289945615
2019-03-06,2966.7147095797886
2019-03-07,2956.375381980831
2019-03-08,2981.9686580599346
2019-03-11,2990.762323550181
2019-03-12,2949.177803442372
2019-03-13,2957.413888994985
2019-03-14,2948.8945902967116
2019-03-15,2933.51499621673
2019-03-18,2948.4565917451328
2019-03-19,2973.3651417689957
2019-03-20,2996.11210154457
2019-03-21,2976.596205747634
2019-03-22,2969.828321910952
2019-03-25,2978.2926517401
2019-03-26,3002.131981338843
2019-03-27,2991.224053302559
2019-03-28,2987.3795173395524
2019-03-29,2961.536653717724
2019-04-01,2933.788082947389
2019-04-02,2953.4450691625952
2019-04-03,2986.080401576295
2019-04-04,2984.9573935544813
2019-04-05,3009.518408579096
2019-04-08,3018.8271144575015
2019-04-09,3003.8508398221998
2019-04-10,3013.13623793508
2019-04-11,3050.81337489217
2019-04-12,3050.54914909286
2019-04-15,3089.3434379056944
2019-04-16,3025.214967822834
2019-04-17,3045.7114648830143
2019-04-18,3048.4415692057305
2019-04-19,3041.759206026306
2019-04-22,3044.600471361743
2019-04-23,2996.798565421953
2019-04-24,2992.1314259483574
2019-04-25,3001.2780742161194
2019-04-26,3037.362897770941
2019-04-29,3025.3769724944627
2019-04-30,3006.4140644601443
2019-05-01,2994.9474318108405
2019-05-02,3017.479071069091
2019-05-03,3026.0185636272154
2019-05-06,3013.799253652981
2019-05-07,3026.777093558443
2019-05-08,3029.7331057984784
2019-05-09,3053.816938784305
2019-05-10,3037.2761691319934
2019-05-13,3029.9220209307155
2019-05-14,3021.023548312809
2019-05-15,2986.2572480495523
2019-05-16,2993.9288300885905
2019-05-17,3000.7802630996166
2019-05-20,3001.503174030388
2019-05-21,2996.470562461897
2019-05-22,2963.140922466198
2019-05-23,2953.762099692851
2019-05-24,2946.254474913339
2019-05-27,2927.9340218517978
2019-05-28,2924.7417372767645
2019-05-29,2934.7806408634833
2019-05-30,2979.6519319351946
2019-05-31,2984.4093112598007
2019-06-03,2991.1552793955852
2019-06-04,2989.972076099677
2019-06-05,2944.673491681553
2019-06-06,2944.637828730313
2019-06-07,2946.645605533057
2019-06-10,3005.301347023113
2019-06-11,3001.277585959947
2019-06-12,3009.1180597143525
2019-06-13,3008.884268821458
2019-06-14,2981.3547099735383
2019-06-17,3009.2082623612896
2019-06-18,3027.9118887713894
2019-06-19,3047.678871443941
2019-06-20,3026.116239762757
2019-06-21,3060.6816121736733
2019-06-24,3026.9687903289523
2019-06-25,3041.7853689455505
2019-06-26,3095.696893010646
2019-06-27,3071.784830596278
2019-06-28,3058.4828293592377
2019-07-01,3061.5327818374512
2019-07-02,3049.8138306343485
2019-07-03,3012.58991517068
2019-07-04,3014.844850165352
2019-07-05,2989.8263720902755
2019-07-08,3001.7520104745768
2019-07-09,2980.273292527949
2019-07-10,3017.8231720860063
2019-07-11,2999.516977238624
2019-07-12,2992.3886487494783
2019-07-15,3012.462003973782
2019-07-16,2983.4010404921414
2019-07-17,2989.4265543447855
2019-07-18,3021.2852977354246
2019-07-19,2983.0362310914834
2019-07-22,2988.0389942536067
2019-07-23,2994.848921437657
2019-07-24,3014.179422296325
2019-07-25,2984.955127147796
2019-07-26,2954.0200882740082
2019-07-29,2966.9454992495635
2019-07-30,2974.587987066176
2019-07-31,2981.1438088514674
2019-08-01,2990.0025330918743
2019-08-02,2974.3343284778143
2019-08-05,2980.455596498565
2019-08-06,2988.0396035636463
2019-08-07,2971.561128860962
2019-08-08,3016.5095451870325
2019-08-09,3028.5474193261043
2019-08-12,3000.2897757532714
2019-08-13,3016.648642342166
2019-08-14,2993.729794972978
2019-08-15,3013.179089967079
2019-08-16,3041.71017356422
2019-08-19,3022.3482935429756
2019-08-20,3046.2460288037773
2019-08-21,3056.914736085108
2019-08-22,3077.6298615686105
2019-08-23,3124.9464013379607
2019-08-26,3119.436792937954
2019-08-27,3101.250821710424
2019-08-28,3079.8022130283707
2019-08-29,3060.3178989025932
2019-08-30,3059.042316551526
2019-09-02,3068.0029116335504
2019-09-03,3075.4076176396106
2019-09-04,3096.3741044852927
2019-09-05,3097.3154490767506
2019-09-06,3133.951340590077
2019-09-09,3127.9427577596157
2019-09-10,3196.636613867288
2019-09-11,3213.276190405796
2019-09-12,3191.8845739042063
2019-09-13,3165.177628860019
2019-09-16,3178.0275515479493
2019-09-17,3172.981789950169
2019-09-18,3191.740470834316
2019-09-19,3204.462432357866
2019-09-20,3203.2363047275503
2019-09-23,3182.1771089458402
2019-09-24,3144.2494470720653
2019-09-25,3133.6466618323107
2019-09-26,3155.742600948909
2019-09-27,3161.7787474606853
2019-09-30,3130.901100046824
2019-10-01,3135.8649790768704
2019-10-02,3146.158578288056
2019-10-03,3124.5417647646104
2019-10-04,3129.0092372281206
2019-10-07,3131.0921240172042
2019-10-08,3103.0883800618235
2019-10-09,3112.5909641412736
2019-10-10,3127.177425130934
2019-10-11,3154.898007799302
2019-10-14,3182.1260913574993
2019-10-15,3147.6911754474486
2019-10-16,3124.7048448645023
2019-10-17,3138.204451391259
2019-10-18,3151.731015147257
2019-10-21,3165.3476954879716
2019-10-22,3263.5426429892923
2019-10-23,3279.100355726891
2019-10-24,3309.5452453553758
2019-10-25,3335.465650407883
2019-10-28,3353.5142886876183
2019-10-29,3345.7269122118746
2019-10-30,3366.710487566675
2019-10-31,3346.5687996254715
2019-11-01,3340.8978753015012
2019-11-04,3328.593654511033
2019-11-05,3331.439579168574
2019-11-06,3393.7950283746295
2019-11-07,3343.7768647621056
2019-11-08,3362.80322771731
2019-11-11,3320.0898192666336
2019-11-12,3308.218987766527
2019-11-13,3337.7005278970973
2019-11-14,3340.084447632022
2019-11-15,3311.954395951322
2019-11-18,3293.6643607159217
2019-11-19,3312.2300286703758
2019-11-20,3293.539336360011
2019-11-21,3299.9013632631327
2019-11-22,3301.764404148785
2019-11-25,3285.213310361968
2019-11-26,3342.216862295428
2019-11-27,3359.834864433656
2019-11-28,3306.0736740617303
2019-11-29,3311.666342408338
2019-12-02,3294.7957479869406
2019-12-03,3317.9234569519695
2019-12-04,3297.550856458026
2019-12-05,3295.1835726227087
2019-12-06,3309.154815625872
2019-12-09,3332.7359903485262
2019-12-10,3301.4003692675496
2019-12-11,3293.226069313197
2019-12-12,3281.371896285353
2019-12-13,3264.877641202298
2019-12-16,3311.6425533358147
2019-12-17,3323.0341191852103
2019-12-18,3290.179042804339
2019-12-19,3314.9965197519978
2019-12-20,3371.9390423156847
2019-12-23,3400.4647094992442
2019-12-24,3359.812290841947
2019-12-25,3347.468768582831
2019-12-26,3382.0658263723203
2019-12-27,3363.5951618093036
2019-12-30,3376.2105118915024
2019-12-31,3397.8083750663386
2020-01-01,3373.2916797858943
2020-01-02,3372.359967015135
2020-01-03,3285.5886772481977
2020-01-06,3259.3200634997997
2020-01-07,3253.3863239666057
2020-01-08,3221.560835315559
2020-01-09,3264.2764460736025
2020-01-10,3227.5822868457603
2020-01-13,3216.865564977631
2020-01-14,3220.873536978762
2020-01-15,3258.654983656617
2020-01-16,3221.8748798150696
2020-01-17,3252.499799384469
2020-01-20,3253.416563575652
2020-01-21,3228.5211948674696
2020-01-22,3241.1021859934904
2020-01-23,3246.9117889464196
2020-01-24,3231.970361269237
2020-01-27,3234.4215415002313
2020-01-28,3225.0982930251507
2020-01-29,3228.6721494549442
2020-01-30,3246.420306829843
2020-01-31,3288.2606084824715
2020-02-03,3256.3561810412766
2020-02-04,3312.5747835889188
2020-02-05,3261.505803985238
2020-02-06,3258.197721398699
2020-02-07,3274.1841911960005
2020-02-10,3282.1991810837812
2020-02-11,3266.5050300878665
2020-02-12,3261.7196720725624
2020-02-13,3249.5077692315617
2020-02-14,3234.8365079325963
2020-02-17,3257.4700662794608
2020-02-18,3267.425298362552
2020-02-19,3249.966540693962
2020-02-20,3274.005889963465
2020-02-21,3282.7094946721213
2020-02-24,3304.7131581340313
2020-02-25,3322.020042514823
2020-02-26,3300.652942191903
2020-02-27,3286.5213671924516
2020-02-28,3306.826642672321
2020-03-02,3822.1803848327836
2020-03-03,3822.305703610058
2020-03-04,3826.657853762066
2020-03-05,3866.5366765963777
2020-03-06,3849.011324157627
2020-03-09,3866.6273985467815
2020-03-10,3861.1462948290055
2020-03-11,3855.1945323176133
2020-03-12,3889.8535593202223
2020-03-13,3916.317519816344
2020-03-16,3942.5884796403766
2020-03-17,3984.5527229803156
2020-03-18,3986.019160839878
2020-03-19,4008.5625855550343
2020-03-20,3999.4145083759686
2020-03-23,4010.5861961838004
2020-03-24,4007.212713924028
2020-03-25,4011.1236241797574
2020-03-26,4031.023836143206
2020-03-27,4005.443904291719
2020-03-30,4073.292511943073
2020-03-31,4041.324745909883
2020-04-01,4002.8775669625766
2020-04-02,4040.7643507606804
2020-04-03,4067.163882763573
2020-04-06,4088.284496167578
2020-04-07,4109.652994696905
2020-04-08,4110.072285402198
2020-04-09,4081.39205725768
2020-04-10,4084.6834406428575
2020-04-13,4063.372447493779
2020-04-14,4095.8833192454954
2020-04-15,4091.883856902412
2020-04-16,4065.6795244460045
2020-04-17,4056.03944566405
2020-04-20,4070.249583688362
2020-04-21,4052.707636594177
2020-04-22,4026.860427112892
2020-04-23,4035.5161543067175
2020-04-24,4044.231789977374
2020-04-27,4028.6390706909856
2020-04-28,4014.263651930675
2020-04-29,4022.5185816928024
2020-04-30,3976.72351603689
2020-05-01,3932.7421064238315
2020-05-04,3910.9250081248256
2020-05-05,3905.0289866981075
2020-05-06,3915.522816942199
2020-05-07,3962.5202489502553
2020-05-08,3990.500701989206
2020-05-11,3986.1929236008505
2020-05-12,3986.3837439985678
2020-05-13,3955.2092866507805
2020-05-14,3955.4145418888934
2020-05-15,3947.0715081730586
2020-05-18,3958.0512683520456
2020-05-19,3932.649098722937
2020-05-20,3949.7748893519256
2020-05-21,3998.996633693877
2020-05-22,3996.316981280144
2020-05-25,4009.959183689226
2020-05-26,4032.9007694270026
2020-05-27,4020.762690782662
2020-05-28,4028.775024842004
2020-05-29,4029.9866354451524
2020-06-01,4033.941699746275
2020-06-02,4009.802276874973
2020-06-03,4011.3904849507485
2020-06-04,4028.174087903928
2020-06-05,4075.7433953514887
2020-06-08,4107.83647790072
2020-06-09,4179.4174167366355
2020-06-10,4154.596774067785
2020-06-11,4184.4208174487785
2020-06-12,4191.395142456463
2020-06-15,4265.660056502758
2020-06-16,4238.929782837426
2020-06-17,4211.30139338504
2020-06-18,4191.949869000171
2020-06-19,4121.562143747647
2020-06-22,4105.051000222439
2020-06-23,4080.9417840895835
2020-06-24,4086.667958744787
2020-06-25,4098.65843790388
2020-06-26,4160.996437120273
2020-06-29,4193.466318043268
2020-06-30,4174.951202916666
2020-07-01,3605.0256468298603
2020-07-02,3619.9337017948124
2020-07-03,3582.42443509259
2020-07-06,3635.629421056898
2020-07-07,3670.6606045672634
2020-07-08,3657.6172600257537
2020-07-09,3608.220860098968
2020-07-10,3648.023068609991
2020-07-13,3645.4099212416604
2020-07-14,3682.2377861406517
2020-07-15,3636.0057395180365
2020-07-16,3619.2982924772705
2020-07-17,3620.173980243256
2020-07-20,3622.2586384242927
2020-07-21,3609.9410618166
2020-07-22,3628.650662398011
2020-07-23,3598.38421990434
2020-07-24,3595.0052080112114
2020-07-27,3599.1839164328558
2020-07-28,3614.716233036404
2020-07-29,3636.017463094997
2020-07-30,3604.0309203023826
2020-07-31,3560.519767233601
2020-08-03,3597.6254198310944
2020-08-04,3607.909275609971
2020-08-05,3587.0270853218
2020-08-06,3632.256683936062
2020-08-07,3636.344414981426
2020-08-10,3671.3783296954125
2020-08-11,3674.095692477376
2020-08-12,3735.401592208596
2020-08-13,3788.6038963488872
2020-08-14,3781.8158047843253
2020-08-17,3811.96658696759
2020-08-18,3832.4101927317924
2020-08-19,3875.13793501979
2020-08-20,3845.9992705549175
2020-08-21,3867.876897726766
2020-08-24,3901.401318071702
2020-08-25,3847.2892099315095
2020-08-26,3811.6399661067867
2020-08-27,3750.219743148637
2020-08-28,3742.8871084614816
2020-08-31,3765.1211231551342
2020-09-01,3811.126597550708
2020-09-02,3814.147899577398
2020-09-03,3864.604973656192
2020-09-04,3822.709518974384
2020-09-07,3771.381770755165
2020-09-08,3770.4601144771073
2020-09-09,3782.7990341525983
2020-09-10,3782.5661726673316
2020-09-11,3720.760793489392
2020-09-14,3718.852190856623
2020-09-15,3680.7869272159296
2020-09-16,3701.2424603073646
2020-09-17,3712.8376607540495
2020-09-18,3685.663259748139
2020-09-21,3671.2488690590653
2020-09-22,3640.874027278262
2020-09-23,3639.7765485051964
2020-09-24,3668.316540764059
2020-09-25,3640.1225627887347
2020-09-28,3655.528916051945
2020-09-29,3640.753045379817
2020-09-30,3618.3879625596287
2020-10-01,3616.0134212234366
2020-10-02,3586.7890228509855
2020-10-05,3571.619794648129
2020-10-06,3538.1072034651247
2020-10-07,3594.4260900706217
2020-10-08,3596.1589931385215
2020-10-09,3576.747631510782
2020-10-12,3583.58579814836
2020-10-13,3581.0822176791435
2020-10-14,3575.4679516943906
2020-10-15,3593.750512108755
2020-10-16,3616.247611978448
2020-10-19,3601.6234734352565
2020-10-20,3585.752754194439
2020-10-21,3578.579765700419
2020-10-22,3513.3946136346767
2020-10-23,3471.509579624957
2020-10-26,3510.1648184494943
2020-10-27,3557.0597137765244
2020-10-28,3550.684437210604
2020-10-29,3567.7719487851464
2020-10-30,3577.369259738387
2020-11-02,3666.199082058865
2020-11-03,3699.768997976057
2020-11-04,3696.722827461602
2020-11-05,3669.203226752452
2020-11-06,3622.782043222653
2020-11-09,3629.4034348830464
2020-11-10,3608.1684996267336
2020-11-11,3567.8362850590784
2020-11-12,3550.094922737404
2020-11-13,3520.0881571113255
2020-11-16,3568.303273054655
2020-11-17,3594.184597952289
2020-11-18,3594.674193714878
2020-11-19,3637.9524645872816
2020-11-20,3640.9317528840998
2020-11-23,3616.5729232596887
2020-11-24,3661.364152217287
2020-11-25,3677.8815923694656
2020-11-26,3648.098220385913
2020-11-27,3643.272846487691
2020-11-30,3618.4805714054232
2020-12-01,3579.1751958345917
2020-12-02,3606.4106445142716
2020-12-03,3662.221050619208
2020-12-04,3621.978585952901
2020-12-07,3639.0154818288397
2020-12-08,3620.8016978678356
2020-12-09,3607.4155828745315
2020-12-10,3591.0409774031104
2020-12-11,3566.938175534445
2020-12-14,3569.0361523459956
2020-12-15,3546.024431526328
2020-12-16,3554.40600850774
2020-12-17,3553.6883566047845
2020-12-18,3547.6059191402446
2020-12-21,3522.55801456843
2020-12-22,3507.008842386809
2020-12-23,3528.9035538227454
2020-12-24,3543.750842082138
2020-12-25,3516.745894475061
2020-12-28,3520.2438554724117
2020-12-29,3542.1084314765517
2020-12-30,3495.511136988355
2020-12-31,3511.404812046634
2021-01-01,3493.493170963133
2021-01-04,3510.138930014052
2021-01-05,3489.407792367498
2021-01-06,3439.7219165950646
2021-01-07,3395.6235138281813
2021-01-08,3397.6088655353037
2021-01-11,3405.347871103834
2021-01-12,3381.3928391252302
2021-01-13,3399.3437734308886
2021-01-14,3354.839019160739
2021-01-15,3353.736490269529
2021-01-18,3321.915803811976
2021-01-19,3305.257429628712
2021-01-20,3307.171799598823
2021-01-21,3285.068955417423
2021-01-22,3275.619637368642
2021-01-25,3302.644621190561
2021-01-26,3288.0629994756855
2021-01-27,3310.703078576661
2021-01-28,3281.444227499543
2021-01-29,3296.008699235645
2021-02-01,3334.67928268936
2021-02-02,3269.4090848759174
2021-02-03,3249.219953989455
2021-02-04,3264.8700721444625
2021-02-05,3260.219711725461
2021-02-08,3270.5518924061316
2021-02-09,3255.4030836214233
2021-02-10,3258.3092415273427
2021-02-11,3254.902946777461
2021-02-12,3285.9620655563394
2021-02-15,3293.3073958876475
2021-02-16,3302.860692117894
2021-02-17,3292.63828632516
2021-02-18,3280.452726606173
2021-02-19,3269.756923658305
2021-02-22,3280.7289760317826
2021-02-23,3270.3360339494952
2021-02-24,3278.5713904062122
2021-02-25,3333.661902140814
2021-02-26,3357.5609164079942
2021-03-01,3349.4752776357877
2021-03-02,3382.332663374835
2021-03-03,3371.967156601193
2021-03-04,3317.661638083051
2021-03-05,3291.569256157809
2021-03-08,3242.9648406337037
2021-03-09,3234.4938666437934
2021-03-10,3235.6173584932994
2021-03-11,3279.6589593091885
2021-03-12,3288.8925734243226
2021-03-15,3283.785567122745
2021-03-16,3306.231044850421
2021-03-17,3248.4080974353365
2021-03-18,3255.180756962292
2021-03-19,3275.906237476507
2021-03-22,3237.811739482425
2021-03-23,3268.0853839757283
2021-03-24,3277.5888823474097
2021-03-25,3267.355255727283
2021-03-26,3284.548912026039
2021-03-29,3344.871435853618
2021-03-30,3350.4069640743155
2021-03-31,3357.7301653148684
2021-04-01,3346.0624317547117
2021-04-02,3323.9825857010273
2021-04-05,3346.7275565739824
2021-04-06,3324.4762674380454
2021-04-07,3327.044524749019
2021-04-08,3314.9964329102445
2021-04-09,3328.361963507109
2021-04-12,3337.912021979017
2021-04-13,3366.285340809188
2021-04-14,3353.2237120610534
2021-04-15,3346.6547485449323
2021-04-16,3321.1194055976307
2021-04-19,3309.97922173623
2021-04-20,3320.6320719192117
2021-04-21,3341.405643761678
2021-04-22,3317.423297540923
2021-04-23,3341.1655897127353
2021-04-26,3378.0691073582857
2021-04-27,3389.9176145756264
2021-04-28,3441.4930635701603
2021-04-29,3420.8774408918307
2021-04-30,3387.499126809945
2021-05-03,3339.973320315288
2021-05-04,3380.615299670418
2021-05-05,3398.9886911259478
2021-05-06,3398.1570355215763
2021-05-07,3406.4476857867126
2021-05-10,3376.457618839487
2021-05-11,3443.196733606207
2021-05-12,3447.444844566447
2021-05-13,3451.1513937008244
2021-05-14,3471.8794679441207
2021-05-17,3485.933892442176
2021-05-18,3492.874638486352
2021-05-19,3471.4849879916796
2021-05-20,3485.272847582163
2021-05-21,3538.444853160071
2021-05-24,3577.2380992319468
2021-05-25,3623.5472100518036
2021-05-26,3609.452606389278
2021-05-27,3581.599043328334
2021-05-28,3578.7112166354627
2021-05-31,3581.0223458280184
2021-06-01,3613.085144523264
2021-06-02,3564.887611062139
2021-06-03,3609.221988459082
2021-06-04,3605.3815482015616
2021-06-07,3593.790071448282
2021-06-08,3565.4105042219367
2021-06-09,3518.921639435965
2021-06-10,3542.798806010658
2021-06-11,3545.585372224774
2021-06-14,3509.7051573243084
2021-06-15,3474.04434119215
2021-06-16,3465.4069025849662
2021-06-17,3512.370693679889
2021-06-18,3505.7789193797266
2021-06-21,3464.3225801407575
2021-06-22,3458.2047786901785
2021-06-23,3451.3513480286138
2021-06-24,3377.5783914934455
2021-06-25,3376.7868258283875
2021-06-28,3371.223649759653
2021-06-29,3390.674433386983
2021-06-30,3441.50623355035
2021-07-01,3473.211179370567
2021-07-02,3466.43456395811
2021-07-05,3436.4422536230836
2021-07-06,3507.875160967112
2021-07-07,3510.238582989312
2021-07-08,3511.3317918091625
2021-07-09,3511.3563686847283
2021-07-12,3517.6230094485577
2021-07-13,3514.2640899973503
2021-07-14,3498.8389444907493
2021-07-15,3484.2317413936084
2021-07-16,3484.015627872119
2021-07-19,3469.56602783607
2021-07-20,3450.4738169563343
2021-07-21,3454.1017894315946
2021-07-22,3447.7468716858198
2021-07-23,3489.919518031544
2021-07-26,3416.6041317269655
2021-07-27,3447.121427114004
2021-07-28,3482.174107135971
2021-07-29,3425.111295707156
2021-07-30,3416.406372771231
2021-08-02,3406.93771051222
2021-08-03,3369.2566606885534
2021-08-04,3348.965199577009
2021-08-05,3319.8807537532775
2021-08-06,3367.0833612679708
2021-08-09,3392.9608351327424
2021-08-10,3428.1541203959982
2021-08-11,3448.6317756994736
2021-08-12,3418.1720315375774
2021-08-13,3404.512461910507
2021-08-16,3418.5220187408286
2021-08-17,3385.7827565492757
2021-08-18,3405.7723754231806
2021-08-19,3399.9055810809887
2021-08-20,3390.3907193532596
2021-08-23,3410.3522541213606
2021-08-24,3423.1550796581832
2021-08-25,3413.9545653612486
2021-08-26,3446.3005504739585
2021-08-27,3417.1844574560155
2021-08-30,3434.7060190102557
2021-08-31,3451.6899878990703
2021-09-01,3443.832659133691
2021-09-02,3453.5066060912727
2021-09-03,3419.631475404354
2021-09-06,3445.594056731467
2021-09-07,3441.186393923574
2021-09-08,3427.484332434353
2021-09-09,3456.93353078992
2021-09-10,3438.1459629277774
2021-09-13,3400.0936279601037
2021-09-14,3358.432167213732
2021-09-15,3375.385800161181
2021-09-16,3341.485332885009
2021-09-17,3389.062582122248
2021-09-20,3333.294082199643
2021-09-21,3379.199044801132
2021-09-22,3385.5794447989515
2021-09-23,3383.637121299184
2021-09-24,3369.563381121594
2021-09-27,3380.9966092778495
2021-09-28,3380.6548661893885
2021-09-29,3411.170060173147
2021-09-30,3414.9694936664605
2021-10-01,3419.758695007087
2021-10-04,3410.4949185514556
2021-10-05,3409.6233154524903
2021-10-06,3418.701144817596
2021-10-07,3372.612447912111
2021-10-08,3336.9117149081944
2021-10-11,3357.4207505520967
2021-10-12,3362.6815720423906
2021-10-13,3358.4046893590707
2021-10-14,3359.5716391549436
2021-10-15,3369.585358599752
2021-10-18,3355.7091451440087
2021-10-19,3335.4861726951067
2021-10-20,3341.379183052576
2021-10-21,3315.894543430081
2021-10-22,3327.387507018878
2021-10-25,3282.7317412051125
2021-10-26,3310.415822571666
2021-10-27,3323.5938592040816
2021-10-28,3331.0660887978365
2021-10-29,3357.9195709147025
2021-11-01,3403.331388684239
2021-11-02,3431.629954818119
2021-11-03,3381.7786875667593
2021-11-04,3347.8370743826076
2021-11-05,3331.772315404103
2021-11-08,3333.134105377362
2021-11-09,3347.604147687093
2021-11-10,3328.8376445240638
2021-11-11,3334.4771419436665
2021-11-12,3314.993580401283
2021-11-15,3299.439158387608
2021-11-16,3262.969504575114
2021-11-17,3239.522243054671
2021-11-18,3205.1396487393727
2021-11-19,3180.758196227025
2021-11-22,3208.205386109852
2021-11-23,3184.4800941573353
2021-11-24,3252.179136461699
2021-11-25,3265.6644377680946
2021-11-26,3271.1464727033704
2021-11-29,3249.3381897982526
2021-11-30,3268.1924065230655
2021-12-01,3253.795683623428
2021-12-02,3257.6224028261745
2021-12-03,3324.9922372666865
2021-12-06,3323.1020483469633
2021-12-07,3354.319889114156
2021-12-08,3336.1213237451316
2021-12-09,3335.85474121602
2021-12-10,3383.778981733328
2021-12-13,3367.483593910623
2021-12-14,3416.9842169002977
2021-12-15,3437.0146312871334
2021-12-16,3422.236381906499
2021-12-17,3440.23481936524
2021-12-20,3467.6893917797893
2021-12-21,3485.6328801356135
2021-12-22,3442.5441914088256
2021-12-23,3423.207085359161
2021-12-24,3417.113266400406
2021-12-27,3415.761909389354
2021-12-28,3433.405606643507
2021-12-29,3438.9732446681187
2021-12-30,3402.9233311408716
2021-12-31,3413.954188908202
2022-01-03,3431.3130738483787
2022-01-04,3447.365866723958
2022-01-05,3477.862112558824
2022-01-06,3501.7598151103684
2022-01-07,3515.323673868121
2022-01-10,3514.0534971102197
2022-01-11,3468.0626631937594
2022-01-12,3480.6758189680104
2022-01-13,3487.1551022166523
2022-01-14,3495.4288334593343
2022-01-17,3460.4256489460226
2022-01-18,3431.190407832695
2022-01-19,3460.785189660962
2022-01-20,3460.3822115737594
2022-01-21,3479.940311138981
2022-01-24,3481.4246692703477
2022-01-25,3482.9497042690236
2022-01-26,3509.7902566462335
2022-01-27,3496.002544624835
2022-01-28,3499.390052979976
2022-01-31,3487.148478614309
2022-02-01,3475.724685442398
2022-02-02,3467.8230529267616
2022-02-03,3474.6791824501865
2022-02-04,3462.06613533211
2022-02-07,3497.538634611848
2022-02-08,3473.2067535202214
2022-02-09,3468.7090440185843
2022-02-10,3457.200393037216
2022-02-11,3497.911773199855
2022-02-14,3504.1116056892024
2022-02-15,3533.738015418493
2022-02-16,3492.4481137063763
2022-02-17,3500.6078769075166
2022-02-18,3526.221987048489
2022-02-21,3529.2484443432195
2022-02-22,3560.037053681509
2022-02-23,3546.016532693855
2022-02-24,3586.7062905860566
2022-02-25,3653.3874107353868
2022-02-28,3643.513369586817
2022-03-01,3631.256517117468
2022-03-02,3674.2036632561794
2022-03-03,3721.3678621026
2022-03-04,3706.5460996636107
2022-03-07,3694.82787441925
2022-03-08,3687.2376749749324
2022-03-09,3648.3166538985283
2022-03-10,3622.234051665351
2022-03-11,3593.860635451727
2022-03-14,3572.5045480170297
2022-03-15,3572.227753583139
2022-03-16,3579.6355460767754
2022-03-17,3624.753286612285
2022-03-18,3596.5279405466426
2022-03-21,3625.5683902037676
2022-03-22,3620.0868543659662
2022-03-23,3619.3783683361917
2022-03-24,3639.6416605896943
2022-03-25,3607.679142178295
2022-03-28,3619.437571327322
2022-03-29,3624.981165851482
2022-03-30,3639.9871745416867
2022-03-31,3649.1357332174275
2022-04-01,3721.5433481746522
2022-04-04,3703.300640874243
2022-04-05,3688.3097700923336
2022-04-06,3670.6607497123287
2022-04-07,3655.0831373929527
2022-04-08,3637.176530492356
2022-04-11,3672.501269968949
2022-04-12,3714.9701994608554
2022-04-13,3698.7507497188913
2022-04-14,3674.8610934684193
2022-04-15,3689.4551591832746
2022-04-18,3673.8938329371726
2022-04-19,3693.2312061191333
2022-04-20,3699.9653854247413
2022-04-21,3655.839772432618
2022-04-22,3701.830388891655
2022-04-25,3755.7550313294096
2022-04-26,3738.0943086762477
2022-04-27,3727.2478075806903
2022-04-28,3736.5171863489477
2022-04-29,3747.2621181372388
2022-05-02,3767.7534746096917
2022-05-03,3829.0986663895183
2022-05-04,3824.4440989802456
2022-05-05,3800.7846423111837
2022-05-06,3759.6048365301885
2022-05-09,3738.3726925908477
2022-05-10,3738.129639363129
2022-05-11,3792.5435848043458
2022-05-12,3777.5975862286514
2022-05-13,3785.1161523534024
2022-05-16,3785.3758750303255
2022-05-17,3822.1210720242007
2022-05-18,3900.151429618708
2022-05-19,3884.3677110754707
2022-05-20,3869.935282481329
2022-05-23,3903.0359496878755
2022-05-24,3925.1081328601945
2022-05-25,3983.8813620328383
2022-05-26,4003.2885432195308
2022-05-27,3992.5824016424367
2022-05-30,4012.246822782503
2022-05-31,4048.63641149587
2022-06-01,4891.224973258084
2022-06-02,4912.052749526634
2022-06-03,4954.951658811314
2022-06-06,5002.293074147233
2022-06-07,5058.605247547961
2022-06-08,5085.869506529448
2022-06-09,5080.087154441368
2022-06-10,5087.065718382902
2022-06-13,5137.183854746148
2022-06-14,5104.637301602203
2022-06-15,5120.713777259145
2022-06-16,5105.624516211274
2022-06-17,5107.819723296038
2022-06-20,5161.082100353578
2022-06-21,5170.004540608463
2022-06-22,5172.959158835123
2022-06-23,5117.717908433448
2022-06-24,5149.2943739278535
2022-06-27,5176.914537301913
2022-06-28,5267.541798809111
2022-06-29,5255.625429429844
2022-06-30,5265.890730795239
2022-07-01,5277.4497267691095
2022-07-04,5345.104659756693
2022-07-05,5342.09876393492
2022-07-06,5355.091668071138
2022-07-07,5382.205418678613
2022-07-08,5391.316808832964
2022-07-11,5373.140151793496
2022-07-12,5382.55776169508
2022-07-13,5429.865352514699
2022-07-14,5386.360606720415
2022-07-15,5393.167659759464
2022-07-18,5364.039341794981
2022-07-19,5416.394366725998
2022-07-20,5351.47619783501
2022-07-21,5328.618037377586
2022-07-22,5345.763904996116
2022-07-25,5413.7844325601955
2022-07-26,5412.0195275280375
2022-07-27,5389.06392599244
2022-07-28,5471.243144394021
2022-07-29,5408.957904017783
2022-08-01,5314.893704730895
2022-08-02,5334.665723716474
2022-08-03,5314.30632516441
2022-08-04,5271.9520342730975
2022-08-05,5302.881794386595
2022-08-08,5314.2851416775975
2022-08-09,5291.366601217437
2022-08-10,5238.228395061528
2022-08-11,5275.837086744353
2022-08-12,5304.335098069855
2022-08-15,5301.187468968459
2022-08-16,5380.562657687705
2022-08-17,5335.577505145202
2022-08-18,5271.528158362081
2022-08-19,5243.403161006738
2022-08-22,5242.5396347408905
2022-08-23,5253.79387633
2022-08-24,5244.705398917142
2022-08-25,5260.525754707457
2022-08-26,5208.907816866515
2022-08-29,5270.113092284867
2022-08-30,5267.703546896977
2022-08-31,5315.841753326276
2022-09-01,5331.479911326524
2022-09-02,5352.027572207607
2022-09-05,5377.4932592704035
2022-09-06,5397.829156031144
2022-09-07,5426.663183082012
2022-09-08,5485.451420518389
2022-09-09,5495.1725694384995
2022-09-12,5527.44038795502
2022-09-13,5524.577806425857
2022-09-14,5589.331038844133
2022-09-15,5560.204261145222
2022-09-16,5641.425075350566
2022-09-19,5640.740975807718
2022-09-20,5577.304070037418
2022-09-21,5584.135349048798
2022-09-22,5554.827499038338
2022-09-23,5593.29550376064
2022-09-26,5565.211612708764
2022-09-27,5546.459813239905
2022-09-28,5463.7270113651975
2022-09-29,5445.049530736332
2022-09-30,5340.553396722299
2022-10-03,5273.950166569286
2022-10-04,5307.088068622071
2022-10-05,5341.511971406173
2022-10-06,5360.760967077252
2022-10-07,5320.363295557212
2022-10-10,5319.396634232331
2022-10-11,5320.307206884672
2022-10-12,5272.068420293154
2022-10-13,5336.530983656165
2022-10-14,5375.054858233285
2022-10-17,5366.628312756622
2022-10-18,5368.855928857256
2022-10-19,5378.879918234396
2022-10-20,5292.097720761032
2022-10-21,5282.691445403897
2022-10-24,5254.926284870592
2022-10-25,5213.8697555879735
2022-10-26,5203.187567016172
2022-10-27,5279.057806016742
2022-10-28,5307.177989651558
2022-10-31,5283.988636747675
2022-11-01,5309.249601757291
2022-11-02,5369.747670032931
2022-11-03,5410.542016082575
2022-11-04,5414.2051854608935
2022-11-07,5387.266838845834
2022-11-08,5418.43641464192
2022-11-09,5436.576706252837
2022-11-10,5476.598314454874
2022-11-11,5505.52228066561
2022-11-14,5552.8500719931335
2022-11-15,5530.183994943153
2022-11-16,5589.573484356573
2022-11-17,5599.527379140708
2022-11-18,5693.611125217533
2022-11-21,5663.358108015064
2022-11-22,5743.1418570756805
2022-11-23,5753.383523082863
2022-11-24,5724.551338918401
2022-11-25,5703.536014792429
2022-11-28,5690.059822719163
2022-11-29,5710.506071562005
2022-11-30,5735.5334146071555
2022-12-01,5710.356716949677
2022-12-02,5710.386201017019
2022-12-05,5809.393807014542
2022-12-06,5890.843514525811
2022-12-07,5912.584198906583
2022-12-08,5915.564305862531
2022-12-09,5922.427842979062
2022-12-12,5952.680455938592
2022-12-13,5905.164133523093
2022-12-14,5894.186360768976
2022-12-15,5816.685634120765
2022-12-16,5836.426214464124
2022-12-19,5867.811990494024
2022-12-20,5846.303574355126
2022-12-21,5921.088870591679
2022-12-22,5864.210148964545
2022-12-23,5796.683774719016
2022-12-26,5808.251721192782
2022-12-27,5858.067855684261
2022-12-28,5938.155970700405
2022-12-29,5917.54419129122
2022-12-30,5969.792832130507
2023-01-02,5969.147690015319
2023-01-03,5962.09801676392
2023-01-04,6005.438173653537
2023-01-05,6037.97913901284
2023-01-06,5963.040951170449
2023-01-09,6034.670923932451
2023-01-10,6102.50503545519
2023-01-11,6073.185540174643
2023-01-12,6093.630483650855
2023-01-13,6118.932708971395
2023-01-16,6132.916857369755
2023-01-17,6107.1436347035005
2023-01-18,6075.551460419074
2023-01-19,6075.524530124504
2023-01-20,6133.739186420121
2023-01-23,6161.640346817244
2023-01-24,6144.603937113084
2023-01-25,6183.767121386226
2023-01-26,6044.086081199947
2023-01-27,6100.840808657619
2023-01-30,6017.151242283723
2023-01-31,6000.907776845634
2023-02-01,5948.355672175707
2023-02-02,5887.93553611202
2023-02-03,5943.792109560656
2023-02-06,5922.741518302651
2023-02-07,5940.344090018948
2023-02-08,5939.302363769389
2023-02-09,5963.156541944069
2023-02-10,5968.013980950383
2023-02-13,5907.952259495308
2023-02-14,5956.22102440331
2023-02-15,5933.884881875688
2023-02-16,5861.179036485195
2023-02-17,5842.277195439253
2023-02-20,5913.588488483581
2023-02-21,5954.994098235845
2023-02-22,5939.5753258336035
2023-02-23,5924.167701355354
2023-02-24,5910.109175039259
2023-02-27,6009.4816553693645
2023-02-28,6029.045424450204
2023-03-01,6050.993158537657
2023-03-02,6102.077262222973
2023-03-03,6114.954556857505
2023-03-06,6103.50530016884
2023-03-07,6095.138622472254
2023-03-08,6092.866293383369
2023-03-09,6092.270545760485
2023-03-10,6128.9523281650345
2023-03-13,6132.725109492726
2023-03-14,6169.896296096709
2023-03-15,6167.146171926764
2023-03-16,6172.259238864642
2023-03-17,6074.826389622744
2023-03-20,6120.573607219262
2023-03-21,6138.763387707001
2023-03-22,6189.003523768285
2023-03-23,6046.84184654205
2023-03-24,6149.0757873603825
2023-03-27,6143.43882489661
2023-03-28,6199.131939393018
2023-03-29,6148.799653406433
2023-03-30,6180.172005137636
2023-03-31,6129.325724552247
2023-04-03,5083.304437167832
2023-04-04,5162.1579306471795
2023-04-05,5155.3157008946255
2023-04-06,5165.314244874757
2023-04-07,5202.300693670391
2023-04-10,5223.970643646244
2023-04-11,5231.301709332729
2023-04-12,5247.621738602926
2023-04-13,5349.5689899265935
2023-04-14,5348.173017885797
2023-04-17,5357.846752453883
2023-04-18,5403.95228375318
2023-04-19,5452.826749331184
2023-04-20,5505.698679500462
2023-04-21,5534.933068356227
2023-04-24,5485.428409459773
2023-04-25,5558.2060689992
2023-04-26,5508.344718847835
2023-04-27,5522.782551525089
2023-04-28,5490.561496007204
2023-05-01,5488.8423640166375
2023-05-02,5504.376332852401
2023-05-03,5519.628176527897
2023-05-04,5539.362867629914
2023-05-05,5611.982198466636
2023-05-08,5633.466406318253
2023-05-09,5623.589513977199
2023-05-10,5668.087275801166
2023-05-11,5723.157073602044
2023-05-12,5668.095366210281
2023-05-15,5696.317949825041
2023-05-16,5729.410036438635
2023-05-17,5716.9170118648935
2023-05-18,5780.978808742143
2023-05-19,5775.195259153744
2023-05-22,5782.152126515576
2023-05-23,5775.302736006296
2023-05-24,5777.177586282471
2023-05-25,5727.666014916441
2023-05-26,5662.826504119538
2023-05-29,5736.194313684227
2023-05-30,5698.474873585893
2023-05-31,5654.419173414673
2023-06-01,5558.140694479736
2023-06-02,5530.840808282241
2023-06-05,5473.404584264698
2023-06-06,5546.398571620932
2023-06-07,5592.314635830683
2023-06-08,5562.646272781934
2023-06-09,5663.994831134723
2023-06-12,5709.613347250605
2023-06-13,5695.917977096961
2023-06-14,5583.1658811451225
2023-06-15,5686.608213576963
2023-06-16,5624.529901596812
2023-06-19,5551.61805195866
2023-06-20,5598.143739327003
2023-06-21,5708.528045347318
2023-06-22,5772.887032611422
2023-06-23,5800.0846791917165
2023-06-26,5828.841700487359
2023-06-27,5869.802862402365
2023-06-28,5906.61491264436
2023-06-29,5921.08335129189
2023-06-30,5927.203435336513
2023-07-03,5925.420858401864
2023-07-04,5890.865482562609
2023-07-05,5878.816302682081
2023-07-06,5800.371408990389
2023-07-07,5796.968232395138
2023-07-10,5752.28097609776
2023-07-11,5702.64618561422
2023-07-12,5711.993696410461
2023-07-13,5776.7449614296565
2023-07-14,5820.33935703571
2023-07-17,5748.376653118987
2023-07-18,5704.016286245366
2023-07-19,5748.086482925936
2023-07-20,5704.05672017098
2023-07-21,5694.946969684504
2023-07-24,5721.14609935451
2023-07-25,5677.970007768184
2023-07-26,5683.892153477338
2023-07-27,5624.369275563199
2023-07-28,5598.4356398186555
2023-07-31,5613.877555563208
2023-08-01,5543.457356939711
2023-08-02,5564.1000718246405
2023-08-03,5564.338758411657
2023-08-04,5590.045556299311
2023-08-07,5601.177087091537
2023-08-08,5663.423659468513
2023-08-09,5670.229939488737
2023-08-10,5651.885360232868
2023-08-11,5658.545429040764
2023-08-14,5684.271350757058
2023-08-15,5687.630076210796
2023-08-16,5690.614566415921
2023-08-17,5659.794576336116
2023-08-18,5630.911471108959
2023-08-21,5568.854084487862
2023-08-22,5647.9129560441315
2023-08-23,5592.8406883736325
2023-08-24,5562.95678944396
2023-08-25,5532.097632197176
2023-08-28,5572.810523937134
2023-08-29,5560.77549667218
2023-08-30,5617.394960122643
2023-08-31,5588.252336408129
2023-09-01,5601.842705106541
2023-09-04,5565.527211275279
2023-09-05,5662.151403460463
2023-09-06,5609.488937300713
2023-09-07,5624.5143218606945
2023-09-08,5654.156721874401
2023-09-11,5674.005032805664
2023-09-12,5666.7292489403135
2023-09-13,5661.977324739723
2023-09-14,5665.0941966919445
2023-09-15,5659.564974040662
2023-09-18,5704.337978944443
2023-09-19,5806.355409030695
2023-09-20,5781.6207165815385
2023-09-21,5719.419590449898
2023-09-22,5716.524097753387
2023-09-25,5835.64316732414
2023-09-26,5799.290631947008
2023-09-27,5876.496207949226
2023-09-28,5956.543526966764
2023-09-29,5931.355056010152
2023-10-02,5959.540052329432
2023-10-03,6038.367919512799
2023-10-04,6021.261090788092
2023-10-05,6012.658858997185
2023-10-06,5985.881799566082
2023-10-09,5938.485265164062
2023-10-10,5908.827161142084
2023-10-11,5852.15251463943
2023-10-12,5854.918638378204
2023-10-13,5820.02457713326
2023-10-16,5832.073700067964
2023-10-17,5760.647330181782
2023-10-18,5777.048134258347
2023-10-19,5816.726239345304
2023-10-20,5725.113469181466
2023-10-23,5743.3906223254635
2023-10-24,5800.947161079455
2023-10-25,5745.970841445255
2023-10-26,5824.004452933352
2023-10-27,5844.692202435232
2023-10-30,5812.896522507915
2023-10-31,5811.465662791777
2023-11-01,5838.585537370195
2023-11-02,5843.3033663101705
2023-11-03,5869.656944617686
2023-11-06,5827.598570811855
2023-11-07,5836.65982569485
2023-11-08,5771.816192787288
2023-11-09,5767.834744970226
2023-11-10,5727.279592713742
2023-11-13,5694.72436359209
2023-11-14,5752.176987829135
2023-11-15,5803.54669492484
2023-11-16,5832.988696490574
2023-11-17,5783.183710154932
2023-11-20,5769.70156136072
2023-11-21,5826.849195222216
2023-11-22,5834.620669734796
2023-11-23,5944.046858459973
2023-11-24,5963.938865172691
2023-11-27,5974.294606464582
2023-11-28,5960.71544278704
2023-11-29,5968.275580542634
2023-11-30,5962.189379648828
2023-12-01,5997.156841779078
2023-12-04,6044.2562239051185
2023-12-05,6007.459301641107
2023-12-06,5944.682171185421
2023-12-07,5858.545848866682
2023-12-08,5883.526281872805
2023-12-11,5832.769495721462
2023-12-12,5733.477532995014
2023-12-13,5752.44748209266
2023-12-14,5868.3247619643935
2023-12-15,5869.213418272648
2023-12-18,5909.757511392377
2023-12-19,5914.808196225286
2023-12-20,5911.311851214797
2023-12-21,5955.957695233507
2023-12-22,5943.3179835310275
2023-12-25,5957.2202275187865
2023-12-26,5973.743068990045
2023-12-27,5943.009811868574
2023-12-28,5991.364153167626
2023-12-29,5984.176445082165
2024-01-01,5949.193181315806
2024-01-02,5975.917425576692
2024-01-03,5934.159245312145
2024-01-04,5936.683928965572
2024-01-05,5937.438172944757
2024-01-08,5990.205162854544
2024-01-09,6014.151522330279
2024-01-10,6014.150225258453
2024-01-11,6054.698410283859
2024-01-12,6123.247649461913
2024-01-15,6151.797184169523
2024-01-16,6153.537041347167
2024-01-17,6090.188285971853
2024-01-18,6039.512381596325
2024-01-19,6025.973017023692
2024-01-22,5997.794978957028
2024-01-23,5990.023213614779
2024-01-24,5993.935893178968
2024-01-25,6020.53423565917
2024-01-26,6018.342820051286
2024-01-29,6042.969958015814
2024-01-30,6047.295487621483
2024-01-31,5952.935106297737
