fecha,trm,variacion
2021-05-28,1964.316119102243,0.0
2021-05-31,1962.5339149773072,-0.09072898743763881
2021-06-01,1973.1206447561851,0.5394418765497037
2021-06-02,1997.7050058280445,1.2459634000179038
2021-06-03,1994.362021139056,-0.16734125805540787
2021-06-04,1991.0248921482616,-0.16732814581418698
2021-06-07,2016.7385806413765,1.2914800108486095
2021-06-08,2029.5610397455514,0.6358017458116453
2021-06-09,2022.3539418472596,-0.3551062400761946
2021-06-10,2031.5540534592924,0.4549209424552643
2021-06-11,2024.4379670646388,-0.3502779747620538
2021-06-14,2017.309493271282,-0.3521211274106259
2021-06-15,2021.6192525072356,0.21363897063533238
2021-06-16,1991.3065302919676,-1.4994278560452854
2021-06-17,1964.4062586745965,-1.350885522051041
2021-06-18,1955.97766667345,-0.429065625500169
2021-06-21,1940.578098158819,-0.7873079931848607
2021-06-22,1945.8488503639985,0.27160732207480787
2021-06-23,1932.1483699470114,-0.7040875972676027
2021-06-24,1910.8200815330567,-1.1038639032953534
2021-06-25,1933.7403156357504,1.1994972380813969
2021-06-28,1930.6337504266949,-0.16065058911668043
2021-06-29,1932.0603173210122,0.07389111963893127
2021-06-30,1910.5427856534052,-1.1137091049746923
2021-07-01,1902.6178117853326,-0.4148022189077668
2021-07-02,1904.6847836278457,0.10863831031696046
2021-07-05,1887.6015293046664,-0.8969071664782705
2021-07-06,1893.6590976824532,0.32091351292866266
2021-07-07,1884.9556468087524,-0.45961022680125013
2021-07-08,1880.9353012207755,-0.2132859515704439
2021-07-09,1872.2743346002544,-0.46046063439289503
2021-07-12,1900.6017598780568,1.5129954384516258
2021-07-13,1900.773648381362,0.009043898986821675
2021-07-14,1885.1317491788575,-0.8229227723050854
2021-07-15,1897.9540380734488,0.6801799874293446
2021-07-16,1879.880380483222,-0.9522705622825678
2021-07-19,1883.3977677572823,0.1871069728998417
2021-07-20,1854.46922043893,-1.5359765108355123
2021-07-21,1835.2329925955478,-1.0372902192913878
2021-07-22,1838.4903032511904,0.17748758161958858
2021-07-23,1849.7507361789603,0.6124825846433306
2021-07-26,1852.6559381042807,0.1570591036131543
2021-07-27,1851.309965919149,-0.07265095247577764
2021-07-28,1847.2223185124487,-0.22079756939409725
2021-07-29,1825.8639971631867,-1.1562398924706423
2021-07-30,1815.739744010806,-0.5544910884989608
2021-08-02,1809.4198330519182,-0.34806259981552135
2021-08-03,1825.1490413231425,0.8692956705738136
2021-08-04,1830.536346064405,0.29517067479360853
2021-08-05,1805.2572468290446,-1.3809668018725634
2021-08-06,1810.3029104264378,0.2794983156143565
2021-08-09,1805.092685109189,-0.28780958629854453
2021-08-10,1795.7001044877245,-0.5203378584904271
2021-08-11,1804.8668094116315,0.5104808370282998
2021-08-12,1820.1760153459554,0.8482180432646205
2021-08-13,1834.1512891547306,0.7677979322301415
2021-08-16,1822.2400378316038,-0.6494148761641232
2021-08-17,1818.0986332501293,-0.22726998065538082
2021-08-18,1823.2849069367126,0.28525810380881295
2021-08-19,1837.9347851088114,0.8034881502261763
2021-08-20,1831.2660544083728,-0.362838265779042
2021-08-23,1828.9109886383808,-0.1286031466767347
2021-08-24,1813.155022978908,-0.861494395153868
2021-08-25,1796.242879218142,-0.9327467065105273
2021-08-26,1808.3156165882513,0.6721105207868231
2021-08-27,1828.405263758279,1.1109591149763396
2021-08-30,1827.7148634770701,-0.037759696654437534
2021-08-31,1842.8128994363706,0.8260607965171175
2021-09-01,1848.5187724826812,0.30962845159461544
2021-09-02,1839.3681382631669,-0.49502522537136373
2021-09-03,1845.0597966379737,0.3094355206229243
2021-09-06,1868.2728459807342,1.2581190802086109
2021-09-07,1868.1080797750265,-0.008819172534796419
2021-09-08,1892.0137889464152,1.2796748448445037
2021-09-09,1853.1413210839648,-2.0545552093516615
2021-09-10,1865.73642895612,0.6796625669534995
2021-09-13,1867.4066169671808,0.0895189687642598
2021-09-14,1863.3146774892778,-0.2191241822066925
2021-09-15,1865.053026774764,0.0932933822980777
2021-09-16,1835.9964279955084,-1.5579502760574702
2021-09-17,1833.1364085005323,-0.15577478536265885
2021-09-20,1838.7457793250387,0.30599854972575463
2021-09-21,1860.983781311709,1.2094114497346844
2021-09-22,1853.6515667551666,-0.3939966930487836
2021-09-23,1842.0663860973307,-0.6249923591689847
2021-09-24,1835.0511095968334,-0.38083733319514695
2021-09-27,1848.9057237333454,0.7549988152404081
2021-09-28,1854.1426111451985,0.2832425333877317
2021-09-29,1846.6675972999142,-0.4031520445273341
2021-09-30,1854.6338074838432,0.43138300555967357
2021-10-01,1856.4430186989723,0.09755085924933536
2021-10-04,1871.2560201417955,0.7979238411101026
2021-10-05,1861.1449481601614,-0.5403361096932031
2021-10-06,1856.641067355438,-0.24199516588838038
2021-10-07,1851.1934234612852,-0.2934139500594143
2021-10-08,1830.0088775886577,-1.1443723602376195
2021-10-11,1834.7132328128448,0.2570673444156121
2021-10-12,1838.913756878938,0.22894717228661207
2021-10-13,1839.3538990310954,0.023934899095228543
2021-10-14,1836.2695290829474,-0.16768768369005319
2021-10-15,1815.9550551728255,-1.1062904213341271
2021-10-18,1810.2134755844727,-0.31617410199650436
2021-10-19,1805.6154030614346,-0.254007197772822
2021-10-20,1794.419680229267,-0.6200502506339469
2021-10-21,1792.4614710912642,-0.10912771184902319
2021-10-22,1798.6216441328459,0.3436711550531275
2021-10-25,1826.3300538328501,1.5405357647279447
2021-10-26,1829.245439010377,0.15963079463147295
2021-10-27,1833.382037702813,0.2261368870584153
2021-10-28,1832.6540461143495,-0.039707577225730185
2021-10-29,1805.0954252924653,-1.5037546710092329
2021-11-01,1805.0706987138053,-0.0013698211359634504
2021-11-02,1806.2990236984554,0.06804858034232572
2021-11-03,1842.6124294178258,2.0103762025524174
2021-11-04,1840.1441082160127,-0.13395769845061428
2021-11-05,1844.9546175826079,0.2614202520942163
2021-11-08,1844.8083526864382,-0.007927831653730075
2021-11-09,1828.0034980276491,-0.9109268523376732
2021-11-10,1845.158869335865,0.9384758468310263
2021-11-11,1856.6601563049123,0.6233223144187657
2021-11-12,1868.8175918623203,0.654801338636118
2021-11-15,1855.6392393514611,-0.705170615272659
2021-11-16,1876.953544267005,1.148623313386779
2021-11-17,1856.38975848913,-1.0955937530092588
2021-11-18,1865.4958348523553,0.4905261043153242
2021-11-19,1898.8509473139377,1.7880025159221158
2021-11-22,1884.2371815150686,-0.7696110018293582
2021-11-23,1876.0923784501408,-0.43225996943648
2021-11-24,1877.9611904960973,0.09961194168382685
2021-11-25,1870.7834918172605,-0.38220697611651316
2021-11-26,1848.0858503367153,-1.213269284223632
2021-11-29,1849.4667317833157,0.07471955084493383
2021-11-30,1834.1796557040736,-0.826566697120406
2021-12-01,1841.507407773382,0.39951114093540435
2021-12-02,1828.374824802833,-0.7131430976119727
2021-12-03,1851.5541848864575,1.2677575609325122
2021-12-06,1840.3536839776295,-0.6049242847038154
2021-12-07,1835.9823764538978,-0.23752540404537076
2021-12-08,1848.3368665627631,0.6729089705494538
2021-12-09,1830.5889430385591,-0.9602104381117877
2021-12-10,1834.2869704856455,0.2020129893796953
2021-12-13,1853.936819796132,1.0712527334413833
2021-12-14,1830.6112648816732,-1.2581634209640409
2021-12-15,1833.680994895918,0.1676887973506116
2021-12-16,1837.8619167813329,0.22800704686652068
2021-12-17,1849.7599795636474,0.6473861106579643
2021-12-20,1831.909191212868,-0.9650326825099916
2021-12-21,1813.0190817970142,-1.0311706227832804
2021-12-22,1820.9664960565742,0.4383524883633732
2021-12-23,1825.660230976704,0.2577606414118232
2021-12-24,1829.6854146454098,0.22047824674103256
2021-12-27,1835.127655074713,0.2974413189142616
2021-12-28,1825.5334775989159,-0.5228070891562304
2021-12-29,1829.2914445146191,0.20585582032962962
2021-12-30,1833.9492387683351,0.2546228632776397
2021-12-31,1823.8602965690864,-0.5501211258183146
2022-01-03,1851.6551332072756,1.5239564505283059
2022-01-04,1859.05627843237,0.3997043019708901
2022-01-05,1841.7882349774322,-0.9288607157981681
2022-01-06,1851.8549419346336,0.5465724433474163
2022-01-07,1837.8359538194804,-0.7570240950140276
2022-01-10,1849.8117125897159,0.651622836377034
2022-01-11,1867.4073672714082,0.9512132808943389
2022-01-12,1855.5552704080026,-0.6346819162828706
2022-01-13,1870.2823525677877,0.7936752084214084
2022-01-14,1876.8410485860772,0.35067945806604195
2022-01-17,1889.5996178810149,0.6797895487499762
2022-01-18,1918.8723979827037,1.5491525201785925
2022-01-19,1915.4891648329833,-0.17631360757896783
2022-01-20,1904.3515405193398,-0.581450655953705
2022-01-21,1891.2232637642855,-0.6893830511710033
2022-01-24,1879.293258121163,-0.6308089516293842
2022-01-25,1878.5071244570981,-0.04183134594176293
2022-01-26,1884.0147536586476,0.2931918186438169
2022-01-27,1888.564366984409,0.24148501581138207
2022-01-28,1901.4805602093702,0.683915965521756
2022-01-31,1902.0557078214542,0.030247356934362195
2022-02-01,1924.6842688106815,1.1896897076240311
2022-02-02,1920.9946448962091,-0.1917002167192999
2022-02-03,1963.6458288916256,2.2202656373214857
2022-02-04,1973.8907867697094,0.5217314511276487
2022-02-07,1960.790612976519,-0.6636726753575326
2022-02-08,1944.4497625020317,-0.8333806968650039
2022-02-09,1952.3567461896357,0.4066437631913741
2022-02-10,1949.2563503143135,-0.1588027332286046
2022-02-11,1960.811381390947,0.5927917626006562
2022-02-14,1968.6394534227124,0.39922616249873366
2022-02-15,1967.8832108129616,-0.038414480032697366
2022-02-16,1954.98499012785,-0.6554362888122328
2022-02-17,1931.8192019203775,-1.1849599011989147
2022-02-18,1925.312791646246,-0.3368022363409353
2022-02-21,1938.9334362404657,0.7074509998229015
2022-02-22,1942.642596682929,0.19129900867846827
2022-02-23,1923.7602068845995,-0.9719950458499832
2022-02-24,1926.8095881875172,0.1585115074116216
2022-02-25,1933.141739512455,0.32863399496024803
2022-02-28,1919.9018730172656,-0.6848885534140104
2022-03-01,1922.6458619138807,0.14292339286604716
2022-03-02,1923.9230813231711,0.06643029975468355
2022-03-03,1906.7896630541863,-0.8905459077501853
2022-03-04,1912.6347367381336,0.3065400341317639
2022-03-07,1921.6158559265161,0.469567921980713
2022-03-08,1938.7224910070097,0.890221374253051
2022-03-09,1955.5237795593973,0.8666164771039881
2022-03-10,1934.4733777552333,-1.0764584928190923
2022-03-11,1920.3950990419896,-0.7277576871892714
2022-03-14,1928.7066340127524,0.43280338378852623
2022-03-15,1937.0347817384109,0.43179961010096346
2022-03-16,1945.4185271016634,0.4328133620671709
2022-03-17,2006.7116745424653,3.1506406763853585
2022-03-18,2016.2975556352271,0.47769100137155673
2022-03-21,2035.1018650530389,0.9326157920122811
2022-03-22,2051.1001361510557,0.7861164776437326
2022-03-23,2062.2257149537795,0.5424200704116396
2022-03-24,2057.439199440802,-0.23210434620561457
2022-03-25,2070.380214468727,0.628986510582781
2022-03-28,2058.027664785109,-0.5966319421569398
2022-03-29,2054.539928327935,-0.16946985294964698
2022-03-30,2046.9839134291553,-0.3677716258806844
2022-03-31,2048.731567023824,0.08537700678560686
2022-04-01,2087.436034432663,1.8891917336473945
2022-04-04,2056.8934821902367,-1.4631611095439967
2022-04-05,2068.6274515445857,0.5704704427306745
2022-04-06,2042.5152339233869,-1.2622967756568055
2022-04-07,2035.222122340979,-0.357065223371617
2022-04-08,2053.437014012241,0.8949829834942342
2022-04-11,2054.9009233226025,0.07129068485529697
2022-04-12,2037.6640714702844,-0.8388166873003067
2022-04-13,2026.439012800252,-0.5508787649150129
2022-04-14,2037.8906268978287,0.5651102266212435
2022-04-15,2026.420114996113,-0.562861998103241
2022-04-18,2030.3350476532391,0.1931945221109153
2022-04-19,2031.4784225613114,0.05631459248037979
2022-04-20,2021.317294527394,-0.5001839015895638
2022-04-21,2056.6930765727743,1.750135030317022
2022-04-22,2067.5599733576964,0.5283674510652053
2022-04-25,2034.7367048752674,-1.5875364635311837
2022-04-26,2038.1784134856184,0.1691476151240917
2022-04-27,2027.8185216663273,-0.5082917055123731
2022-04-28,2042.0995601396123,0.7042562399296839
2022-04-29,2029.595925037682,-0.612293119590871
2022-05-02,2028.1361989134132,-0.07192200704885397
2022-05-03,2036.7503124843602,0.4247305272477287
2022-05-04,2051.3128604142844,0.714989355379615
2022-05-05,2032.1128189775743,-0.9359879620133824
2022-05-06,2027.0842938730614,-0.24745304776153917
2022-05-09,2019.7975878267407,-0.3594673427417401
2022-05-10,2009.6670893897424,-0.5015600819633874
2022-05-11,2038.656735134481,1.442509851397414
2022-05-12,2045.6782440515701,0.3444184004143221
2022-05-13,2025.5489196441729,-0.9839926912225494
2022-05-16,2040.8819513650742,0.7569815555772834
2022-05-17,2076.238214944655,1.7324012080136268
2022-05-18,2093.873794525048,0.8494005867656892
2022-05-19,2068.9873683674755,-1.1885351553968744
2022-05-20,2061.3968461684226,-0.3668713649538687
2022-05-23,2082.809150298384,1.0387278980154135
2022-05-24,2071.4619054714954,-0.5448048288660013
2022-05-25,2079.242325284597,0.3756004294624321
2022-05-26,2092.582702269377,0.6415979908909406
2022-05-27,2077.53483366404,-0.7191050843064811
2022-05-30,2076.9577951023216,-0.02777515699704005
2022-05-31,2024.1958256356104,-2.540348657595706
2022-06-01,2008.0735107709233,-0.7964799976615174
2022-06-02,2004.4178662847728,-0.1820473437123875
2022-06-03,1984.902560130873,-0.9736146580089958
2022-06-06,2011.3930223461034,1.3345976143777898
2022-06-07,1988.9061408506932,-1.1179755147594852
2022-06-08,1982.3100695831117,-0.3316431646573427
2022-06-09,1984.77826729275,0.12451118255971094
2022-06-10,2008.1939840701568,1.1797648716370785
2022-06-13,1985.6519892420554,-1.1225008643046477
2022-06-14,2004.6130326928565,0.9549026492824004
2022-06-15,2005.1749587376667,0.02803164678897427
2022-06-16,1989.886618842717,-0.7624441861459383
2022-06-17,1997.6528215699752,0.390283680171427
2022-06-20,2001.2336039941188,0.17924948647129602
2022-06-21,1992.0424518280345,-0.45927432698213394
2022-06-22,1993.550658734121,0.0757115845951243
2022-06-23,1987.8093503232183,-0.2879941066834204
2022-06-24,1990.0101811045492,0.11071639143729367
2022-06-27,2000.9763029961425,0.5510585822986374
2022-06-28,2026.92883876937,1.296993659263617
2022-06-29,2007.3544254886576,-0.965717834109895
2022-06-30,2042.3075664105766,1.7412540843857287
2022-07-01,2011.0601862968315,-1.5300036403754493
2022-07-04,2009.018251826681,-0.10153522425952002
2022-07-05,2018.89659318681,0.4916999311055065
2022-07-06,2023.8415621940342,0.24493423902502387
2022-07-07,2014.184271416834,-0.477176225530755
2022-07-08,2011.2325036567647,-0.14654904230748117
2022-07-11,2003.7133323671972,-0.373858878866388
2022-07-12,1994.6839563290562,-0.4506321284728704
2022-07-13,2008.6861454983807,0.7019753242059288
2022-07-14,2014.8311310836855,0.3059206436543683
2022-07-15,2004.090860787765,-0.5330605692072954
2022-07-18,2018.9664733305688,0.7422623811056392
2022-07-19,2024.3376132425701,0.2660341309749886
2022-07-20,2037.9488821497525,0.6723813665340133
2022-07-21,2048.6464270038623,0.5249172316248356
2022-07-22,2035.5086696396606,-0.6412896432995313
2022-07-25,2026.8091569566361,-0.42738765070278817
2022-07-26,2039.3670173335245,0.6195877068043577
2022-07-27,2049.756178805415,0.5094306901890724
2022-07-28,2049.820132086605,0.003120043342297586
2022-07-29,2052.1521682374278,0.11376784305697954
2022-08-01,2073.6468334258725,1.0474206309421141
2022-08-02,2064.2658736424733,-0.45238946344112807
2022-08-03,2073.7319238178547,0.4585673917419515
2022-08-04,2070.791118883361,-0.1418122034346485
2022-08-05,2067.598275688961,-0.154184705800817
2022-08-08,2086.2669235041208,0.902914653908718
2022-08-09,2100.5055448007365,0.6824927882526353
2022-08-10,2114.639906783661,0.6729028646418225
2022-08-11,2137.264594035897,1.0699073246304103
2022-08-12,2138.0479241220223,0.03665105800709785
2022-08-15,2150.170764251732,0.5670050700424798
2022-08-16,2145.2659760783845,-0.22811156466703156
2022-08-17,2151.263376168361,0.2795644063185093
2022-08-18,2149.4512019432477,-0.08423767378687731
2022-08-19,2151.546605799088,0.09748552811740255
2022-08-22,2162.2440706043453,0.4971988418203152
2022-08-23,2148.5630099109703,-0.6327250877626945
2022-08-24,2185.2642557971967,1.7081763819319953
2022-08-25,2168.177679589614,-0.7818997708059562
2022-08-26,2147.645100029151,-0.9469970913246112
2022-08-29,2168.0653784449714,0.9508218287809006
2022-08-30,2182.2729112330903,0.6553092415648989
2022-08-31,2193.631357497135,0.5204869750972902
2022-09-01,2205.1234671190423,0.5238851816478141
2022-09-02,2205.344957569777,0.010044355975402017
2022-09-05,2190.0060748565315,-0.6955321280054206
2022-09-06,2191.7694089287415,0.08051731419628674
2022-09-07,2180.3606216642684,-0.5205286294259114
2022-09-08,2197.8720811912367,0.8031451014558247
2022-09-09,2195.7235112882904,-0.09775682221604895
2022-09-12,2181.703612510533,-0.6385092979913366
2022-09-13,2176.5332771832354,-0.23698614686473224
2022-09-14,2184.1685624993597,0.3508003023048423
2022-09-15,2174.772044261608,-0.4302103051515141
2022-09-16,2160.9425696404865,-0.6359045610142007
2022-09-19,2165.5890689844796,0.21502188023285415
2022-09-20,2170.2677716286144,0.21604757389770074
2022-09-21,2161.9128841422034,-0.3849703523054777
2022-09-22,2154.2088443400885,-0.35635292516292727
2022-09-23,2158.6398898730345,0.20569247705894372
2022-09-26,2134.20045141695,-1.1321683885644358
2022-09-27,2110.7235074084683,-1.1000346285605251
2022-09-28,2099.0432425937925,-0.5533773027911559
2022-09-29,2095.8778301808616,-0.15080262991720855
2022-09-30,2101.5142385360914,0.26892828742520003
2022-10-03,2126.8870105326755,1.2073566541361482
2022-10-04,2141.9552989576114,0.7084668038459666
2022-10-05,2139.640891907244,-0.10805113680446651
2022-10-06,2139.7399232736593,0.004628410626741767
2022-10-07,2123.068543282216,-0.779131136925143
2022-10-10,2123.1753524741357,0.0050308875922824925
2022-10-11,2118.6983609710137,-0.21086301222859294
2022-10-12,2124.5968795255553,0.27840294131526555
2022-10-13,2111.001851160942,-0.6398874297344039
2022-10-14,2120.2114633866004,0.4362673685290074
2022-10-17,2146.795262601343,1.2538277277437448
2022-10-18,2145.35381201326,-0.06714429704565855
2022-10-19,2152.6864904724534,0.34179343370464565
2022-10-20,2165.034198081935,0.5735952570953067
2022-10-21,2158.5243266920334,-0.3006821506869855
2022-10-24,2162.8265596953106,0.19931362135123487
2022-10-25,2163.473670167447,0.029919665506025647
2022-10-26,2165.594527016489,0.09803016686945898
2022-10-27,2152.670719792628,-0.5967787165432965
2022-10-28,2153.520103202003,0.039457191551198936
2022-10-31,2162.545845059345,0.4191157465361864
2022-11-01,2188.231582796077,1.1877545993031657
2022-11-02,2205.5265983396025,0.7903649540340852
2022-11-03,2244.29215458876,1.7576553498988103
2022-11-04,2230.999753692947,-0.5922758705293726
2022-11-07,2247.0691853800804,0.7202794021171032
2022-11-08,2250.81400678957,0.16665358743088018
2022-11-09,2291.04665503502,1.7874710271079013
2022-11-10,2276.7313459777656,-0.6248370815929876
2022-11-11,2261.9367880074506,-0.6498157104241642
2022-11-14,2251.563139476599,-0.4586179678340861
2022-11-15,2214.068892510978,-1.6652540765229058
2022-11-16,2205.2134856239836,-0.3999607653107605
2022-11-17,2192.296609523539,-0.585742658688208
2022-11-18,2195.3714055718706,0.1402545638657923
2022-11-21,2201.8186941009976,0.2936764372881857
2022-11-22,2235.559377256494,1.5324006125432874
2022-11-23,2253.0689864652763,0.7832316773563148
2022-11-24,2243.1395385018022,-0.4407076757579404
2022-11-25,2227.517105537234,-0.6964539074106204
2022-11-28,2236.7441983516933,0.41423218665851796
2022-11-29,2213.683505670491,-1.0309937407324625
2022-11-30,2246.802188044301,1.496089313986155
2022-12-01,2268.5523327824194,0.9680489387919982
2022-12-02,2260.50196419014,-0.3548681013854137
2022-12-05,2230.175391188233,-1.3415857841456027
2022-12-06,2254.909016809958,1.1090439666517413
2022-12-07,2253.2907848926598,-0.07176484307058288
2022-12-08,2276.166485689503,1.015212992047678
2022-12-09,2247.7633460640445,-1.2478498301434504
2022-12-12,2237.4550149208176,-0.45860393449681425
2022-12-13,2237.9928793843337,0.024039118548945592
2022-12-14,2239.2784325489906,0.05744223659060774
2022-12-15,2231.6731030206124,-0.33963304508412523
2022-12-16,2243.2658812205746,0.5194657848531262
2022-12-19,2224.629168740354,-0.8307848229778326
2022-12-20,2222.537614809692,-0.09401809344459532
2022-12-21,2225.1189849348452,0.11614517153511503
2022-12-22,2234.738712191531,0.43232417330560163
2022-12-23,2247.9431569503026,0.5908719747295513
2022-12-26,2228.2508859359564,-0.8760128543936139
2022-12-27,2201.50764965379,-1.2001896398184617
2022-12-28,2224.566907211461,1.0474302717638717
2022-12-29,2230.9314146958222,0.28610096930459245
2022-12-30,2218.052799008279,-0.5772752852332309
2023-01-02,2246.194210165175,1.2687439708143118
2023-01-03,2248.7199241152553,0.11244414835771101
2023-01-04,2270.486037190093,0.9679334825746094
2023-01-05,2272.1635480011923,0.07388333526927279
2023-01-06,2310.3912408390356,1.682435794354325
2023-01-09,2343.5292460745336,1.4343027557299635
2023-01-10,2339.330359988091,-0.17916934868535697
2023-01-11,2358.0516305326987,0.8002833146107252
2023-01-12,2370.7280879443333,0.5375818428865745
2023-01-13,2397.303546000213,1.1209829668371323
2023-01-16,2379.3411181520296,-0.7492763224812636
2023-01-17,2392.91056017452,0.5703025059739834
2023-01-18,2413.737174462993,0.8703465409486182
2023-01-19,2380.486165453598,-1.37757372099938
2023-01-20,2358.526554210325,-0.9224843043391038
2023-01-23,2320.8224748989783,-1.5986285693514475
2023-01-24,2316.2854326437478,-0.19549286101376656
2023-01-25,2330.0822017187397,0.5956420085604346
2023-01-26,2358.724049357978,1.2292204806384563
2023-01-27,2360.590941703592,0.07914840000559013
2023-01-30,2392.022694672804,1.3315205279288418
2023-01-31,2366.2275237466847,-1.0783832019473232
2023-02-01,2334.6646874389266,-1.333888478221294
2023-02-02,2334.09050316942,-0.024593864489225584
2023-02-03,2341.73766437066,0.3276291639444025
2023-02-06,2341.589799343849,-0.006314329271833426
2023-02-07,2303.636533905981,-1.6208332240131387
2023-02-08,2302.4515081176805,-0.0514415260766579
2023-02-09,2279.000763057565,-1.0185120067647842
2023-02-10,2291.6976577473943,0.5571255128846325
2023-02-13,2298.8846644998853,0.3136105990331825
2023-02-14,2282.1168409549186,-0.7293895080471301
2023-02-15,2273.2054515212103,-0.3904878695860066
2023-02-16,2254.471625611418,-0.8241149473425657
2023-02-17,2253.788578933236,-0.03029741738252593
2023-02-20,2271.5267086745766,0.7870361003309644
2023-02-21,2254.1315315549564,-0.7657923216659093
2023-02-22,2263.6884794663797,0.4239747227541199
2023-02-23,2254.553401479506,-0.4035483711533898
2023-02-24,2240.7426145026693,-0.6125730695832631
2023-02-27,2239.2690711062933,-0.06576138583873435
2023-02-28,2221.2408455980285,-0.8050942042153989
2023-03-01,2211.8631119388883,-0.42218445954317
2023-03-02,2191.202734708901,-0.9340712415008658
2023-03-03,2226.3574083508547,1.6043551372540574
2023-03-06,2227.427477168033,0.04806365829513837
2023-03-07,2215.4331346947333,-0.5384840851720718
2023-03-08,2219.66921493854,0.19120776779346346
2023-03-09,2218.115520607032,-0.06999666081104942
2023-03-10,2214.6372641109283,-0.15681133213259663
2023-03-13,2225.9869114940457,0.5124833563962321
2023-03-14,2239.961878920098,0.6278099549414097
2023-03-15,2230.918202888544,-0.40374240814822543
2023-03-16,2221.1056616163264,-0.4398431667961827
2023-03-17,2216.6634542650722,-0.1999998211711159
2023-03-20,2176.6481771702915,-1.8052030865482744
2023-03-21,2150.8498527296015,-1.1852317113658979
2023-03-22,2174.929937143456,1.1195613856213533
2023-03-23,2204.1779015627208,1.3447773153409748
2023-03-24,2200.2274249585016,-0.17922675848525357
2023-03-27,2210.8379319682676,0.4822459210081953
2023-03-28,2216.7895761289583,0.26920309601310355
2023-03-29,2272.5202808730337,2.51402773380929
2023-03-30,2293.4207573685485,0.9197047292130419
2023-03-31,2291.529630422397,-0.08245878738453905
2023-04-03,2274.5304707899077,-0.7418258706677059
2023-04-04,2245.931791040867,-1.2573443229849806
2023-04-05,2250.036883071114,0.18277901611359107
2023-04-06,2236.9072397659297,-0.5835301369488428
2023-04-07,2212.0387427577025,-1.1117357289625236
2023-04-10,2201.0630053982404,-0.49618196767109285
2023-04-11,2182.533715254462,-0.8418337002772804
2023-04-12,2212.630330019965,1.3789759376979027
2023-04-13,2228.733603029674,0.7277886771787913
2023-04-14,2229.033681128575,0.013464063111581515
2023-04-17,2256.028869955851,1.2110713739241457
2023-04-18,2257.8736096217467,0.08176932886199542
2023-04-19,2242.814675810215,-0.6669520272241759
2023-04-20,2270.7610374248866,1.246039715901903
2023-04-21,2281.024598048329,0.45198770166858987
2023-04-24,2262.623929577796,-0.8066843508078361
2023-04-25,2259.6295272913026,-0.13234202323017605
2023-04-26,2244.301508117513,-0.6783421347907286
2023-04-27,2220.0514147018125,-1.08051851892401
2023-04-28,2237.00560584462,0.7636846169657073
2023-05-01,2271.8896594404337,1.5594084120608525
2023-05-02,2247.0580030025085,-1.0929957066683076
2023-05-03,2257.6489246993688,0.47132391254292216
2023-05-04,2246.373740385155,-0.4994215084045936
2023-05-05,2238.080669886866,-0.36917590110660864
2023-05-08,2227.941168220856,-0.45304451275755125
2023-05-09,2213.033951094046,-0.6691028174103083
2023-05-10,2214.3324660199205,0.05867577970199576
2023-05-11,2200.0977695921983,-0.6428436852261776
2023-05-12,2205.3006910069885,0.23648591833964355
2023-05-15,2204.851975224662,-0.020347147405169658
2023-05-16,2201.077918995967,-0.1711705035577439
2023-05-17,2185.5884525423703,-0.7037218591817246
2023-05-18,2175.9586999418348,-0.4406022821603856
2023-05-19,2189.582511226923,0.6261061519895804
2023-05-22,2198.810740521069,0.4214606778611361
2023-05-23,2182.115049072434,-0.7593055255259706
2023-05-24,2184.2831209024635,0.09935644002597718
2023-05-25,2197.888646201089,0.622882865706732
2023-05-26,2169.160798016071,-1.3070656802687572
2023-05-29,2179.0427131843244,0.4555639755840756
2023-05-30,2167.952298054311,-0.5089581339048843
2023-05-31,2178.303325325272,0.47745641268263744
2023-06-01,2165.47258583906,-0.5890244639963671
2023-06-02,2134.8533973560725,-1.413972575003678
2023-06-05,2107.6552026060035,-1.27400761025337
2023-06-06,2108.8845184335087,0.0583262303048989
2023-06-07,2113.6902132741125,0.2278785205447612
2023-06-08,2098.8702333731917,-0.7011424762176751
2023-06-09,2110.038868112333,0.532126024827739
2023-06-12,2082.5906435473935,-1.3008397608094862
2023-06-13,2081.9030321532678,-0.033017117226382876
2023-06-14,2062.2398085418686,-0.9444831631308946
2023-06-15,2051.920946913438,-0.5003715661820457
2023-06-16,2053.106483048787,0.05777689131408588
2023-06-19,2039.4274557450365,-0.666260002425097
2023-06-20,2033.566357227647,-0.2873894092618464
2023-06-21,2050.4101227769947,0.828286988987705
2023-06-22,2041.3740004607357,-0.4406982884000229
2023-06-23,2055.475196459082,0.690769843995443
2023-06-26,2037.386416815013,-0.8800290889050837
2023-06-27,2046.44607011869,0.44467034966491964
2023-06-28,2070.5942140602497,1.180003924567589
2023-06-29,2030.456983438273,-1.9384401998917562
2023-06-30,2017.9540132029917,-0.6157712444668187
2023-07-03,2027.6938708633709,0.4826600406477831
2023-07-04,2024.8045405080068,-0.1424934205740762
2023-07-05,2031.228438971314,0.31726017671293805
2023-07-06,2021.8385760009864,-0.4622750838937137
2023-07-07,2023.641102053545,0.08915281733934163
2023-07-10,2021.5234481184505,-0.10464572660367237
2023-07-11,2040.9024318402523,0.958632646078829
2023-07-12,2045.46645335232,0.2236276188838875
2023-07-13,2051.4053441866668,0.2903440838451998
2023-07-14,2045.062781448644,-0.3091813500435908
2023-07-17,2037.5050647654602,-0.36955915249849697
2023-07-18,2030.8694444116043,-0.32567380904252224
2023-07-19,2037.6924770553221,0.33596608893264734
2023-07-20,2031.2443098541116,-0.3164445702095713
2023-07-21,2036.362600425716,0.25197808785354603
2023-07-24,2070.865832575563,1.6943560121676804
2023-07-25,2085.76189706094,0.7193157688468137
2023-07-26,2080.741730186722,-0.2406874380672055
2023-07-27,2101.2503142052483,0.9856381366795437
2023-07-28,2094.8173482926495,-0.3061494325121328
2023-07-31,2061.347265494249,-1.59775661709504
2023-08-01,2045.1957447445627,-0.7835419591862652
2023-08-02,2015.2143782805383,-1.465941171697918
2023-08-03,2009.9540995627558,-0.26102824466103663
2023-08-04,2010.6491809120562,0.03458195137150586
2023-08-07,2038.2010013432352,1.3702947631411866
2023-08-08,2043.9442323617113,0.2817794228680645
2023-08-09,2040.769610696638,-0.15531840912338266
2023-08-10,2054.763290491102,0.6857060062594291
2023-08-11,2019.1365800770407,-1.7338595924373517
2023-08-14,2023.3474910327247,0.2085500801299641
2023-08-15,2036.2678516981734,0.6385636042602891
2023-08-16,2012.7226758524132,-1.1562907024301552
2023-08-17,2031.626727245399,0.9392278240706817
2023-08-18,2037.5400035380496,0.2910611586936632
2023-08-21,2031.1848829666915,-0.31190163433959195
2023-08-22,2041.8984270149103,0.5274529235650358
2023-08-23,2079.7421759367908,1.853360990987437
2023-08-24,2083.1835466608413,0.1654710263545259
2023-08-25,2087.738561729812,0.21865644418475844
2023-08-28,2080.4931933281114,-0.3470438557065921
2023-08-29,2066.8064444895285,-0.6578607842830048
2023-08-30,2080.994146874253,0.6864553002798854
2023-08-31,2067.2009142028874,-0.6628193881315737
2023-09-01,2068.795221923385,0.07712398487943874
2023-09-04,2061.313853725617,-0.3616292283782676
2023-09-05,2069.6382299697652,0.4038383688686201
2023-09-06,2075.5818695103185,0.28718253530908533
2023-09-07,2093.2968549192706,0.8534949003544484
2023-09-08,2085.187016046232,-0.3874194361865189
2023-09-11,2081.10283094847,-0.19586660891003976
2023-09-12,2065.280935408014,-0.7602649568856247
2023-09-13,2058.3616070696967,-0.33503085317303116
2023-09-14,2064.993640242531,0.3221996149780384
2023-09-15,2077.9492466690144,0.627392073951463
2023-09-18,2063.085253730536,-0.7153203073802571
2023-09-19,2077.9001040917424,0.7180920097420986
2023-09-20,2100.9746035267926,1.1104720284489424
2023-09-21,2108.3533203563034,0.35120447515759917
2023-09-22,2140.6724424309505,1.5329082541623198
2023-09-25,2127.88409681976,-0.597398525701948
2023-09-26,2107.2194438160977,-0.9711362115327058
2023-09-27,2077.8587783456755,-1.393336871325138
2023-09-28,2103.29402092904,1.2241083392402246
2023-09-29,2114.753030296344,0.5448125299306754
2023-10-02,2114.2323054622907,-0.02462343482162942
2023-10-03,2119.3934349907827,0.24411364423662368
2023-10-04,2100.8130416562494,-0.8766844809356532
2023-10-05,2142.7474506286735,1.9961038008105483
2023-10-06,2145.3893331042887,0.12329416025393149
2023-10-09,2147.693797776505,0.10741475389373686
2023-10-10,2160.628518008881,0.6022609110184765
2023-10-11,2169.3891852586758,0.40546846330936653
2023-10-12,2173.709448393151,0.1991465230781116
2023-10-13,2160.435341607941,-0.6106661032835969
2023-10-16,2169.0296637497954,0.3978051079028263
2023-10-17,2202.3710205893994,1.5371554108653291
2023-10-18,2226.6457157063787,1.1022073433604693
2023-10-19,2255.6545466679972,1.3028040678853925
2023-10-20,2246.8941452394474,-0.3883751366755376
2023-10-23,2229.6184158396545,-0.7688715303475886
2023-10-24,2227.8178731892904,-0.08075564130493072
2023-10-25,2229.253522571338,0.06444195458368293
2023-10-26,2249.29926748749,0.8992133336647125
2023-10-27,2219.4899710041,-1.3252703592744919
2023-10-30,2247.2612261228305,1.2512449022766614
2023-10-31,2244.8677066496707,-0.10650828863760177
2023-11-01,2237.658385776997,-0.3211468030529611
2023-11-02,2220.054029714727,-0.7867311728263144
2023-11-03,2191.2914925169734,-1.2955782522756758
2023-11-06,2206.2072615820643,0.6806839307333898
2023-11-07,2207.9397180334813,0.07852645948480044
2023-11-08,2185.705264381422,-1.0070226768628818
2023-11-09,2163.60613042678,-1.01107566124182
2023-11-10,2158.230060926532,-0.24847727248708948
2023-11-13,2187.674383960184,1.3642810174283007
2023-11-14,2183.5690922694002,-0.18765551769876793
2023-11-15,2157.89671752538,-1.1757070034975898
2023-11-16,2154.08593525681,-0.17659706498558797
2023-11-17,2149.8178072635556,-0.19814102693844443
2023-11-20,2104.3495506063073,-2.1149818604918704
2023-11-21,2103.8530958260117,-0.02359184006062912
2023-11-22,2100.38656743369,-0.16477045850774152
2023-11-23,2112.536738567906,0.578473092648921
2023-11-24,2144.4423300648373,1.5102975921999893
2023-11-27,2164.285893117916,0.925348412259655
2023-11-28,2160.0638224773534,-0.19507915539200918
2023-11-29,2141.4517226923176,-0.861645826913102
2023-11-30,2186.428225783986,2.1002809736528665
2023-12-01,2187.898349777124,0.06723861207980507
2023-12-04,2188.5763686265154,0.030989504126658025
2023-12-05,2188.5882132372285,0.000541201617766838
2023-12-06,2192.4941459929087,0.17846814362135066
2023-12-07,2190.3980923748413,-0.0956013324778165
2023-12-08,2180.8013942562393,-0.4381257522096014
2023-12-11,2171.7123602131965,-0.41677495561867234
2023-12-12,2171.57421446265,-0.006361144002179859
2023-12-13,2162.5830496024573,-0.41403903215979554
2023-12-14,2150.7121287328678,-0.5489232365791342
2023-12-15,2152.971249248768,0.1050405810112358
2023-12-18,2149.010405015834,-0.18397106948437422
2023-12-19,2175.4549521080817,1.2305453259102757
2023-12-20,2130.2268369703847,-2.079018694175649
2023-12-21,2149.3359582272165,0.8970463109932821
2023-12-22,2171.2999251245387,1.0218954748906857
2023-12-25,2136.005130196761,-1.6255144910831854
2023-12-26,2130.579982304618,-0.2539857145213451
2023-12-27,2124.679825324223,-0.2769272700109034
2023-12-28,2101.3068059367492,-1.1000725431139853
2023-12-29,2088.6863316922045,-0.6006012167708484
2024-01-01,2070.6221648810892,-0.8648578073702463
2024-01-02,2100.2695656942064,1.4318112360600457
2024-01-03,2116.4698611961417,0.7713436297202402
2024-01-04,2138.53367249751,1.0424817147596317
2024-01-05,2151.3427533083527,0.598965589159206
2024-01-08,2132.421486559935,-0.8795096327314783
2024-01-09,2123.9136172694994,-0.39897690696039906
2024-01-10,2132.6681361730775,0.41218808676564594
2024-01-11,2112.337664591604,-0.9532881012586878
2024-01-12,2124.8423943741504,0.5919853625752555
2024-01-15,2121.1819179178838,-0.17227049243550285
2024-01-16,2115.250590580411,-0.27962369881480437
2024-01-17,2127.7378656737546,0.5903449524586702
2024-01-18,2135.7372423670345,0.37595687054931465
2024-01-19,2130.001285047571,-0.26857036557111164
2024-01-22,2150.274770389952,0.9518062493529661
2024-01-23,2132.1813000452994,-0.8414492228531131
2024-01-24,2143.1387022243534,0.5139057442639257
2024-01-25,2153.758941718605,0.49554606443478755
2024-01-26,2148.8583513402286,-0.22753662368853164
2024-01-29,2154.899697974536,0.281142153019977
2024-01-30,2133.862425064173,-0.9762529982317483
2024-01-31,2150.1214126573987,0.761951070614913
2024-02-01,2147.369290547575,-0.1279984513256952
2024-02-02,2138.8325348117055,-0.39754483653310807
2024-02-05,2157.285292442522,0.8627490619521999
2024-02-06,2145.589383219018,-0.5421586687897667
2024-02-07,2121.9702232536956,-1.1008238645311903
2024-02-08,2096.124968393543,-1.2179838612684746
2024-02-09,2106.7297829771014,0.505924729844991
2024-02-12,2085.673567828147,-0.9994739391398846
2024-02-13,2115.5791892388843,1.4338591557200657
2024-02-14,2081.047974620894,-1.6322345574978718
2024-02-15,2109.902345004628,1.3865307640968942
2024-02-16,2113.8865434313393,0.18883330956735034
2024-02-19,2112.6707907385603,-0.057512674772296477
2024-02-20,2103.8983577871677,-0.4152295279439103
2024-02-21,2111.0458459694887,0.33972592620104414
2024-02-22,2110.829126739436,-0.010265965112334005
2024-02-23,2129.965216100657,0.9065674297748639
2024-02-26,2132.3355535341,0.11128526492008056
2024-02-27,2135.324679438012,0.1401808406260307
2024-02-28,2129.5447506695064,-0.2706814951451255
2024-02-29,2128.9972037618154,-0.025711923053921015
2024-03-01,2134.6696400228157,0.26643699911758406
2024-03-04,2106.0811903940853,-1.339244681833991
2024-03-05,2083.901575719381,-1.05312249004769
2024-03-06,2096.7455817382224,0.6163441771191853
2024-03-07,2100.0302636517717,0.15665619816526752
2024-03-08,2097.3576737996286,-0.12726434939540898
2024-03-11,2098.083242077062,0.034594398776008894
2024-03-12,2104.3428905694127,0.2983508169177156
2024-03-13,2095.6915359296995,-0.41111905661782266
2024-03-14,2083.0966540098084,-0.6009893013335919
2024-03-15,2086.7769308129928,0.17667335771962894
2024-03-18,2070.9183738777897,-0.7599545835991532
2024-03-19,2078.105377709011,0.34704428343854377
2024-03-20,2050.3988729135767,-1.3332579325683223
2024-03-21,2067.7602241882514,0.8467304339669554
2024-03-22,2076.004632449006,0.3987120055948926
2024-03-25,2080.673932624847,0.2249176183356116
2024-03-26,2097.5118058434077,0.8092509332934748
2024-03-27,2126.067429728716,1.3614046798571442
2024-03-28,2143.815894345615,0.8348025264261639
2024-03-29,2112.894457357776,-1.442355058071704
2024-04-01,2091.7908919484835,-0.9987988437284755
2024-04-02,2081.7740716272247,-0.478863368217855
2024-04-03,2082.6218199777927,0.04072239932863651
2024-04-04,2091.67938163018,0.43491149307578225
2024-04-05,2079.983034919922,-0.5591844913221129
2024-04-08,2083.506484539902,0.1693979980041379
2024-04-09,2071.3646337830614,-0.5827604016083401
2024-04-10,2061.664989591025,-0.46827313906201873
2024-04-11,2038.9990540083438,-1.0993995482834218
2024-04-12,2024.3963844554457,-0.7161685300535859
2024-04-15,2003.0209385554904,-1.0558923175366801
2024-04-16,1987.8386379382837,-0.7579701402500387
2024-04-17,2005.0630045334235,0.8664871618052628
2024-04-18,1990.2867136314642,-0.7369489571425093
2024-04-19,2033.0480609542437,2.1485018731174406
2024-04-22,2041.4924442287374,0.41535581163438884
2024-04-23,2044.919107280957,0.1678508809526396
2024-04-24,2031.328033453688,-0.6646264773446422
2024-04-25,2043.1457910783263,0.5817749487041524
2024-04-26,2034.1620898636409,-0.43969946999934983
2024-04-29,2036.552598910386,0.11751812004840696
2024-04-30,2079.105108568402,2.0894382831449048
2024-05-01,2077.920218162559,-0.0569904042349634
2024-05-02,2097.52923582984,0.9436848198445594
2024-05-03,2086.1767801325027,-0.5412299148643892
2024-05-06,2086.0067736126953,-0.008149190491739247
2024-05-07,2116.1881367146407,1.4468487582940668
2024-05-08,2106.0182887073242,-0.4805739069639154
2024-05-09,2137.2011494538574,1.4806547936330228
2024-05-10,2149.762835778944,0.5877634086195695
2024-05-13,2140.535872947506,-0.42920840745182315
2024-05-14,2151.819751547869,0.5271520436994713
2024-05-15,2169.0574720340187,0.8010764132892608
2024-05-16,2180.306843747638,0.5186294903966016
2024-05-17,2153.516819624302,-1.2287272408542171
2024-05-20,2141.450816876861,-0.5602929421069472
2024-05-21,2137.6387131280694,-0.17801500360168895
2024-05-22,2136.790122036315,-0.039697591858848164
2024-05-23,2147.852593943484,0.5177144817866604
2024-05-24,2151.3349796256857,0.16213336483245636
2024-05-27,2128.897474345533,-1.0429573029141574
2024-05-28,2135.8062788000166,0.3245249965176295
2024-05-29,2146.6904320122844,0.5096039523951119
2024-05-30,2156.7534497402517,0.46876892810922305
2024-05-31,2175.913805975721,0.8883888066935506
2024-06-03,2190.9133395708363,0.6893441070102133
2024-06-04,2199.4126781635578,0.387935863971064
2024-06-05,2198.614627545347,-0.03628471483019081
2024-06-06,2170.023880843526,-1.3003982755150345
2024-06-07,2177.927052225175,0.3641974381672158
2024-06-10,2181.981579034018,0.186164490895166
2024-06-11,2187.161290280571,0.23738565422930713
2024-06-12,2165.3649440367462,-0.996558705600932
2024-06-13,2147.144614127868,-0.8414438387882704
2024-06-14,2165.740875142622,0.8660926186523973
2024-06-17,2165.4852710100695,-0.011802156734729508
2024-06-18,2177.7558027361943,0.5666412000300193
2024-06-19,2178.681457874174,0.042505001562474665
2024-06-20,2179.6325766846535,0.04365570776956873
2024-06-21,2196.49081536188,0.7734440592216113
2024-06-24,2187.8756666038034,-0.3922232999028977
2024-06-25,2189.993195451242,0.096784697584106
2024-06-26,2182.3420764800644,-0.3493672485864174
2024-06-27,2175.201034645645,-0.32721917940276873
2024-06-28,2170.25815453937,-0.22723785192940563
2024-07-01,2174.5496998918675,0.1977435423302587
2024-07-02,2166.666978807931,-0.3624990076947095
2024-07-03,2188.9773997006782,1.0297115851657985
2024-07-04,2173.7983916828803,-0.6934291792995922
2024-07-05,2170.98175701449,-0.12957202835216183
2024-07-08,2163.7872699440422,-0.3313932531769234
2024-07-09,2189.414787574108,1.1843824938820484
2024-07-10,2193.295349678533,0.17724197929278535
2024-07-11,2211.9142293665764,0.848899793216278
2024-07-12,2186.2160917900383,-1.161805337447341
2024-07-15,2191.326465098747,0.23375426280595019
2024-07-16,2207.4158028415895,0.7342282402507008
2024-07-17,2209.3076722455285,0.08570516716893743
2024-07-18,2228.662103124693,0.8760405407678233
2024-07-19,2219.8986834776833,-0.39321436994522974
2024-07-22,2245.514675387155,1.1539261724026852
2024-07-23,2287.648300022118,1.8763459930493886
2024-07-24,2281.470179863878,-0.2700642471213824
2024-07-25,2273.8045537577373,-0.3359950164502303
2024-07-26,2300.85301884201,1.1895686038438027
2024-07-29,2330.5747752173675,1.2917711879881861
2024-07-30,2321.307151259715,-0.39765400605042855
2024-07-31,2313.9762669739716,-0.3158084565312656
2024-08-01,2309.2239328213536,-0.20537523311908112
2024-08-02,2284.9732485943505,-1.0501659835724226
2024-08-05,2268.6921362115754,-0.7125296715307601
2024-08-06,2250.987031228249,-0.7804102064236661
2024-08-07,2237.646922610447,-0.592633739454435
2024-08-08,2237.4700069164155,-0.00790632750161191
2024-08-09,2242.1111437520176,0.20742789048592866
2024-08-12,2270.545959905036,1.2682161735048805
2024-08-13,2252.930681818949,-0.7758168474521353
2024-08-14,2271.1921862420745,0.810566635293983
2024-08-15,2267.7573412560564,-0.15123532948136006
2024-08-16,2267.3099637185296,-0.01972775170376028
2024-08-19,2280.035605762337,0.5612660927461662
2024-08-20,2260.096916863758,-0.8744902425290225
2024-08-21,2267.4716192258416,0.32630027088914043
2024-08-22,2270.9435750746484,0.1531201457768288
2024-08-23,2280.360261183569,0.4146596248482801
2024-08-26,2286.095182454245,0.25149189662247756
2024-08-27,2331.9061317868313,2.003895099564751
2024-08-28,2320.4996021918905,-0.4891504610522434
2024-08-29,2311.121594229402,-0.404137451850034
2024-08-30,2300.085356601658,-0.47752734669175956
2024-09-02,2290.3412628858237,-0.42364052655120493
2024-09-03,2279.1444817253355,-0.48886955590103887
2024-09-04,2301.384020923369,0.9757845268851919
2024-09-05,2328.14808180065,1.1629550146325627
2024-09-06,2318.0019339035202,-0.435803374211588
2024-09-09,2303.0749097260486,-0.6439608163887273
2024-09-10,2312.2356826533432,0.3977626992768671
2024-09-11,2302.5000545127496,-0.42104826137021784
2024-09-12,2314.6474350453,0.5275735176962252
2024-09-13,2318.8680959125863,0.18234573453316302
2024-09-16,2291.373997866237,-1.1856689086719736
2024-09-17,2320.37797116947,1.2657895799743766
2024-09-18,2354.4226192108767,1.4672026913032674
2024-09-19,2343.3736650697447,-0.46928508293193805
2024-09-20,2336.580249251559,-0.2898989571935568
2024-09-23,2342.3946582377293,0.24884268314913355
2024-09-24,2349.1365411396696,0.28782011085238784
2024-09-25,2362.0138896395015,0.5481736916656419
2024-09-26,2400.782311161466,1.6413291086904511
2024-09-27,2397.861940315221,-0.12164246765181477
2024-09-30,2383.0698675516337,-0.6168859230337018
2024-10-01,2357.3859945112818,-1.0777641642013447
2024-10-02,2344.1065990642574,-0.5633101867043797
2024-10-03,2343.9504795332596,-0.006660086664151963
2024-10-04,2378.3158725266785,1.4661313578716033
2024-10-07,2368.9578742210847,-0.39347163317091466
2024-10-08,2373.673747099249,0.1990695119352755
2024-10-09,2373.832858667016,0.0067031776359938134
2024-10-10,2396.98440085511,0.9752810566913446
2024-10-11,2446.4189928600845,2.062366029054634
2024-10-14,2436.534596040093,-0.4040353205578861
2024-10-15,2427.494558153169,-0.3710202966794108
2024-10-16,2448.342779483305,0.8588369955398615
2024-10-17,2462.223796121676,0.5669556058363852
2024-10-18,2499.3657384508974,1.5084714227733795
2024-10-21,2511.566929953532,0.48817151147302296
2024-10-22,2504.8551517673022,-0.26723469345704437
2024-10-23,2517.2185968716935,0.49357924332144576
2024-10-24,2540.1486473739037,0.9109280588784303
2024-10-25,2557.38402821551,0.6785185921865245
2024-10-28,2568.2930028484284,0.4265677157814375
2024-10-29,2590.8170446442277,0.8770043671348444
2024-10-30,2615.6851337605785,0.9598550838531209
2024-10-31,2645.292775263526,1.131926817979825
2024-11-01,2659.584323082576,0.5402633671664595
2024-11-04,2656.5580244683865,-0.1137884062529613
2024-11-05,2660.205648603182,0.13730639802326236
2024-11-06,2686.5394503437697,0.9899160147417544
2024-11-07,2669.5684845333008,-0.6317035771909953
2024-11-08,2677.984989775991,0.31527586916960304
2024-11-11,2670.1011202301197,-0.294395583842712
2024-11-12,2671.245159889145,0.04284630459712752
2024-11-13,2699.241326450253,1.0480568006820437
2024-11-14,2703.9074987788936,0.17286977206951262
2024-11-15,2705.448908595125,0.057006751041872576
2024-11-18,2676.707293228326,-1.0623603083202913
2024-11-19,2693.2694336270224,0.6187505238468295
2024-11-20,2707.7503055934294,0.5376688936355551
2024-11-21,2755.5652530412485,1.7658551214654934
2024-11-22,2749.334223703989,-0.226125268867514
2024-11-25,2754.7051057371214,0.19535209603932135
2024-11-26,2760.754134057464,0.21958896100146985
2024-11-27,2796.369359075729,1.2900542130465436
2024-11-28,2794.7927868084116,-0.05637925698908236
2024-11-29,2801.594030118774,0.243354117073169
2024-12-02,2815.810484353032,0.5074416236407839
2024-12-03,2820.576853823189,0.16927167139419358
2024-12-04,2811.0789170706253,-0.3367373854638907
2024-12-05,2816.005801675635,0.17526667697199205
2024-12-06,2840.8604034315717,0.8826189825726586
2024-12-09,2818.1855490665407,-0.7981685526554313
2024-12-10,2821.744824311984,0.12629669634854457
2024-12-11,2806.5413019326816,-0.5387986273000184
2024-12-12,2834.063811856006,0.9806557952441828
2024-12-13,2800.294457398988,-1.1915523678665034
2024-12-16,2788.3544331726803,-0.4263845966183876
2024-12-17,2797.3365172653835,0.3221284921975677
2024-12-18,2833.1532827949777,1.2803881588264523
2024-12-19,2832.225323841858,-0.03275357386255807
2024-12-20,2820.2331325636464,-0.4234193931273925
2024-12-23,2863.564627223936,1.5364508047212526
2024-12-24,2831.1458491597396,-1.1321126736931586
2024-12-25,2782.3321765751407,-1.7241666514314815
2024-12-26,2792.6976176595394,0.37254506027953493
2024-12-27,2782.055368333569,-0.38107417210781
2024-12-30,2759.9665105950894,-0.7939762087377322
2024-12-31,2776.2020097780246,0.5882498617504814
2025-01-01,2782.1739778020674,0.21511287734138188
2025-01-02,2770.196931706382,-0.4304923484744514
2025-01-03,2742.512276808955,-0.9993749751348563
2025-01-06,2762.2690484686027,0.7203895430738296
2025-01-07,2777.225709242035,0.5414628521332581
2025-01-08,2775.573767516728,-0.05948172378679109
2025-01-09,2817.4409194193317,1.5084143103161645
2025-01-10,2793.9789648767965,-0.8327398945909663
2025-01-13,2760.635601074084,-1.1934006741594263
2025-01-14,2745.9417421798826,-0.5322636167006134
2025-01-15,2745.485197486406,-0.016626160943757438
2025-01-16,2751.380936759285,0.21474307267351855
2025-01-17,2746.62110930066,-0.17299776250653265
2025-01-20,2754.91427113835,0.3019405119114424
2025-01-21,2728.0100442150992,-0.9765903500196359
2025-01-22,2760.2491610645307,1.1817814570659773
2025-01-23,2758.9830582430855,-0.04586914976026695
2025-01-24,2784.3067901852037,0.9178647134659944
2025-01-27,2792.5052988661323,0.2944542142348935
2025-01-28,2803.284002471202,0.3859868631026797
2025-01-29,2816.649727806003,0.47678812860268993
2025-01-30,2827.317041382178,0.3787234696195063
2025-01-31,2842.45585120009,0.5354479033066261
2025-02-03,2873.4116378311783,1.0890507452567388
2025-02-04,2878.503755592563,0.17721504619602715
2025-02-05,2895.451543961105,0.5887707575720487
2025-02-06,2893.9478260826118,-0.05193379532216622
2025-02-07,2928.0625253663434,1.1788291059106943
2025-02-10,2912.839050906344,-0.5199163039762924
2025-02-11,2955.6960132623344,1.4713124071395385
2025-02-12,2955.3329256303305,-0.0122843360878373
2025-02-13,2922.2782117582237,-1.1184768249098915
2025-02-14,2925.8550700343044,0.12239964907135234
2025-02-17,2910.5345807519957,-0.5236243394013728
2025-02-18,2930.7557652541195,0.6947584349573087
2025-02-19,2916.0727167479345,-0.500998707577802
2025-02-20,2906.2590264516316,-0.33653791415898915
2025-02-21,2863.2254900541216,-1.4807192341025228
2025-02-24,2853.4498765017797,-0.34141961875859994
2025-02-25,2799.206889494257,-1.9009616203254407
2025-02-26,2764.509749357801,-1.2395346791506758
2025-02-27,2781.930311389023,0.6301501391076176
2025-02-28,2800.0292325718715,0.6505885898274668
2025-03-03,2810.13332973304,0.3608568454796991
2025-03-04,2789.0318657108246,-0.7509061509270021
2025-03-05,2788.520743948326,-0.018326135630876567
2025-03-06,2788.9936959372276,0.016960676728976054
2025-03-07,2763.816027625478,-0.9027509939669746
2025-03-10,2797.8127259597964,1.2300637232908185
2025-03-11,2818.078454651382,0.7243418583219622
2025-03-12,2813.659510414758,-0.1568069983761456
2025-03-13,2814.8231975386825,0.041358491303476214
2025-03-14,2820.0790811350394,0.18672162432626904
2025-03-17,2774.940932159407,-1.6005986951778965
2025-03-18,2770.008683139625,-0.17774248679029492
2025-03-19,2755.4836854907176,-0.5243665024343709
2025-03-20,2734.0347437115115,-0.7784093185580324
2025-03-21,2728.4346503335046,-0.2048289031764345
2025-03-24,2768.5063792490373,1.4686710165711554
2025-03-25,2783.2884298946824,0.5339359430934287
2025-03-26,2771.1491724645207,-0.4361480218786037
2025-03-27,2784.424398438582,0.4790512941695988
2025-03-28,2816.3294651316187,1.145840652413761
2025-03-31,2837.8022903430433,0.7624401007508222
2025-04-01,2839.7197474614277,0.06756838293172997
2025-04-02,2825.621344329066,-0.4964716375608967
2025-04-03,2842.012660688394,0.5800959987871418
2025-04-04,2851.53880542638,0.33519008798779704
2025-04-07,2872.6034348890116,0.7387109522250395
2025-04-08,2887.8102786051054,0.5293749750278816
2025-04-09,2912.737499004765,0.8631876056518609
2025-04-10,2900.8676772580666,-0.40751429714329857
2025-04-11,2932.1837615133986,1.0795419763831615
2025-04-14,2937.4053746175045,0.17807932683628522
2025-04-15,2987.1721353173343,1.6942421747393368
2025-04-16,2971.3371664512415,-0.5300989748423264
2025-04-17,3013.4879613059456,1.418580002654028
2025-04-18,3018.8618756181863,0.17832871347897503
2025-04-21,3003.766396251954,-0.5000387559348353
2025-04-22,2992.754775009322,-0.3665937955884992
2025-04-23,2985.687166568027,-0.23615728559896093
2025-04-24,2996.4302610498767,0.3598198298249272
2025-04-25,3009.5867102805523,0.43907076369152537
2025-04-28,2996.4000250325043,-0.4381560166717616
2025-04-29,2996.4107400592693,0.00035759667185423957
2025-04-30,3048.8111506890205,1.7487726208295016
2025-05-01,3091.852686120054,1.411748163585214
2025-05-02,3103.27960103288,0.3695814798720379
2025-05-05,3104.8392062326084,0.05025667681408736
2025-05-06,3108.4387544405467,0.1159334821820302
2025-05-07,3124.3527708349256,0.511961716203834
2025-05-08,3099.507477309772,-0.7952140922458644
2025-05-09,3093.745896593799,-0.18588697585507935
2025-05-12,3053.3286650037458,-1.306417299318358
2025-05-13,3063.7037466302404,0.3397957692995988
2025-05-14,3080.2185091034453,0.5390456727863921
2025-05-15,3068.943789771302,-0.36603634770784793
2025-05-16,3108.44862332508,1.2872452628636122
2025-05-19,3078.726551497047,-0.9561705992180687
2025-05-20,3043.47351827835,-1.1450524309005172
2025-05-21,3049.5483420682067,0.19960166413056066
2025-05-22,3075.811270310232,0.8612071459806319
2025-05-23,3118.1457942280026,1.3763693607085554
2025-05-26,3107.3363093780517,-0.3466638689557206
2025-05-27,3134.888873466915,0.8866939830654489
2025-05-28,3134.5451358935734,-0.01096490456969117
2025-05-29,3130.8403960005003,-0.11819066985669646
2025-05-30,3153.6772654707343,0.729416596879451
2025-06-02,3170.807075905191,0.5431694175561114
2025-06-03,3131.691985690124,-1.2336004455238148
2025-06-04,3169.532702304655,1.2083154022630307
2025-06-05,3205.356472421869,1.1302539989937894
2025-06-06,3189.9882044286064,-0.47945581483643357
2025-06-09,3200.740086461669,0.3370508398161402
2025-06-10,3214.052860957388,0.41592800840120947
2025-06-11,3221.4015122021274,0.228641268910256
2025-06-12,3207.8870757731893,-0.4195203974961732
2025-06-13,3191.3304994898676,-0.5161209198528616
2025-06-16,3191.311288154494,-0.0006019851399528271
2025-06-17,3222.0317515132224,0.9626282297423211
2025-06-18,3236.7163809660774,0.4557568200859098
2025-06-19,3227.77437350349,-0.2762678718213283
2025-06-20,3248.4074266244093,0.6392346779345557
2025-06-23,3175.8487688731034,-2.2336686327153665
2025-06-24,3205.8057527791516,0.9432748876350917
2025-06-25,3162.1246718330044,-1.362561686973065
2025-06-26,3153.5949350640626,-0.2697470104490639
2025-06-27,3126.0933840067496,-0.8720698638728103
2025-06-30,3094.496050093441,-1.0107610372409832
2025-07-01,3123.987069129815,0.9530152425136693
2025-07-02,3112.9377543018263,-0.3536927197034339
2025-07-03,3122.1983079729234,0.2974859891849679
2025-07-04,3121.645877826535,-0.017693627755087205
2025-07-07,3134.2036635141217,0.40228091779359787
2025-07-08,3136.7527689950275,0.0813318391073456
2025-07-09,3105.3380732166283,-1.0015037234975965
2025-07-10,3130.8080587736795,0.8202000863200168
2025-07-11,3119.084399357053,-0.3744611358007892
2025-07-14,3081.0956200203354,-1.2179465020102764
2025-07-15,3071.170458956922,-0.32213090041482595
2025-07-16,3108.882189398248,1.227926972641374
2025-07-17,3130.7212946766795,0.702474521321714
2025-07-18,3122.62070629476,-0.2587451139676082
2025-07-21,3114.525989247134,-0.25922831521959394
2025-07-22,3107.138799476287,-0.23718504184428085
2025-07-23,3159.8188472303877,1.6954520268930322
2025-07-24,3170.117316125912,0.3259195983513762
2025-07-25,3181.6735798388163,0.3645374148811213
2025-07-28,3208.6427283051826,0.8476403310905495
2025-07-29,3215.416015550264,0.21109508968794405
2025-07-30,3209.396210894644,-0.1872169767926594
2025-07-31,3204.994701140042,-0.13714448031254914
2025-08-01,3203.794984130422,-0.0374327298947777
2025-08-04,3203.4766542370753,-0.009936025710871165
2025-08-05,3222.8179723709486,0.6037602336914654
2025-08-06,3224.7973250353853,0.061416830904057695
2025-08-07,3244.3974155922097,0.6077929426652985
2025-08-08,3242.946456472632,-0.04472199098065876
2025-08-11,3245.631086528923,0.08278366887411343
2025-08-12,3194.7940259798115,-1.5663228257860824
2025-08-13,3218.9385174257195,0.755744853958249
2025-08-14,3228.514010611941,0.29747362785541487
2025-08-15,3255.0396808330265,0.8216061672304056
2025-08-18,3181.1184092799376,-2.2709791216484048
2025-08-19,3235.353664273764,1.7049115441792946
2025-08-20,3232.383988746673,-0.09178828144457932
2025-08-21,3261.815092359588,0.9105076536506058
2025-08-22,3235.4336955764966,-0.8087949818150881
2025-08-25,3251.9785198568084,0.5113634163769749
2025-08-26,3225.328077873105,-0.819514699158493
2025-08-27,3209.910116499974,-0.4780276920944541
2025-08-28,3260.0860775578517,1.5631578217706863
2025-08-29,3255.762661035725,-0.13261663708478616
2025-09-01,3262.0780415637364,0.19397545784256257
2025-09-02,3285.514901593754,0.7184641118758393
2025-09-03,3299.223872670824,0.4172548744314058
2025-09-04,3303.851848631172,0.1402746869857341
2025-09-05,3314.1696690950967,0.3122967050777299
2025-09-08,3379.1792438664834,1.9615644720186274
2025-09-09,3378.292198441258,-0.026250321785552488
2025-09-10,3384.4029852967783,0.180883905138223
2025-09-11,3413.646818248802,0.8640765617767976
2025-09-12,3444.655116632999,0.9083628165172741
2025-09-15,3478.212259714172,0.9741800541696466
2025-09-16,3496.7245861059337,0.5322368219495314
2025-09-17,3465.5836887122814,-0.8905733530570041
2025-09-18,3511.863949054973,1.3354246932033604
2025-09-19,3480.495211081074,-0.8932219023558751
2025-09-22,3489.624307424916,0.2622930298762366
2025-09-23,3469.318885233468,-0.581879893151936
2025-09-24,3468.22728290772,-0.03146445633446902
2025-09-25,3478.05109216119,0.28325159950975376
2025-09-26,3487.6961048372773,0.2773108393325578
2025-09-29,3500.182657800421,0.3580172293631184
2025-09-30,3546.3654351055798,1.3194390641938887
2025-10-01,3559.9622648196805,0.3834018225957572
2025-10-02,3553.72057745645,-0.1753301551792346
2025-10-03,3581.945951825745,0.7942485559598238
2025-10-06,3616.911161561964,0.9761512375248728
2025-10-07,3582.274527288922,-0.9576302188767128
2025-10-08,3600.1501565433605,0.49900221544346224
2025-10-09,3621.119924423959,0.5824692573582153
2025-10-10,3613.2269103395424,-0.21797162892008876
2025-10-13,3653.937383037199,1.126706783378604
2025-10-14,3650.277854649737,-0.10015301314277897
2025-10-15,3654.671870230088,0.12037482502199219
2025-10-16,3650.3394077246994,-0.11854586839053258
2025-10-17,3651.5188223990767,0.03230972637452516
2025-10-20,3620.352543385233,-0.8535154966931654
2025-10-21,3579.5941011189443,-1.1258141790848104
2025-10-22,3626.267446509761,1.303872564105166
2025-10-23,3602.4947426359604,-0.6555695139552298
2025-10-24,3574.7450661226103,-0.7702905485170963
2025-10-27,3514.3871427244417,-1.6884539255728397
2025-10-28,3497.1623200051167,-0.49012308604031113
2025-10-29,3461.027700681936,-1.0332554230175917
2025-10-30,3507.4879667367204,1.34238353670588
2025-10-31,3536.6397446732417,0.83112980608864
2025-11-03,3517.9212515057297,-0.5292733927934014
2025-11-04,3582.5977320621887,1.838485740088023
2025-11-05,3611.5631976201553,0.8085045468192626
2025-11-06,3602.9049801085002,-0.2397360100845081
2025-11-07,3532.280251366089,-1.9602162458440513
2025-11-10,3598.3290295163088,1.869862339622564
2025-11-11,3559.2555655753577,-1.0858780178366125
2025-11-12,3513.408450894484,-1.2881096576570938
2025-11-13,3542.9708950750046,0.8414178025044141
2025-11-14,3613.518831042827,1.991208453501252
2025-11-17,3654.4830188144583,1.133637036002643
2025-11-18,3671.735079079837,0.4720793659885504
2025-11-19,3689.979016191245,0.4968750936132448
2025-11-20,3715.9951230664237,0.7050475561249161
2025-11-21,3739.3670156592384,0.6289538015735684
2025-11-24,3748.5319901420453,0.24509427516547552
2025-11-25,3752.402552770318,0.103255424748982
2025-11-26,3751.268251659601,-0.030228662697169926
2025-11-27,3729.4496626158466,-0.5816323328544053
2025-11-28,3721.8233323870713,-0.2044894265559313
2025-12-01,3672.484650590314,-1.3256588878740017
2025-12-02,3670.324747422602,-0.058813129889181796
2025-12-03,3642.134201882044,-0.7680667919195376
2025-12-04,3610.836731944922,-0.8593167687491949
2025-12-05,3616.7545591688177,0.16389074508799464
2025-12-08,3657.9816153694464,1.1398909029122333
2025-12-09,3685.6852673180974,0.7573480367493042
2025-12-10,3640.3902138220174,-1.2289452357129556
2025-12-11,3612.399616051633,-0.7688900399772577
2025-12-12,3640.411946318122,0.7754493755900234
2025-12-15,3612.6275503142324,-0.7632212072040458
2025-12-16,3606.8568281624225,-0.1597375337324195
2025-12-17,3623.4823473748015,0.4609420335890951
2025-12-18,3596.234029181375,-0.7519925745786511
2025-12-19,3599.9811583504566,0.10419592102949762
2025-12-22,3562.4724790853147,-1.0419132105215974
2025-12-23,3546.078311759485,-0.46019070805675055
2025-12-24,3555.867159078301,0.2760471275085543
2025-12-25,3511.535558778959,-1.2467169980228663
2025-12-26,3524.630589777953,0.37291466310958776
2025-12-29,3524.776196357181,0.004131116028170435
2025-12-30,3541.092432132943,0.46290132668918327
2025-12-31,3548.145249261556,0.19917065887954216
2026-01-01,3587.7904450323276,1.1173498542378673
2026-01-02,3592.0991275504807,0.1200929258318003
2026-01-05,3580.4909045409395,-0.3231598738606386
2026-01-06,3584.706880359286,0.1177485414918856
2026-01-07,3601.035722716676,0.4555140183666379
2026-01-08,3603.1584141832186,0.058946692840392834
2026-01-09,3605.043886062392,0.0523283092897533
2026-01-12,3585.566293579572,-0.5402872502640846
2026-01-13,3567.3093525892064,-0.5091787320473553
2026-01-14,3528.204846076502,-1.0961905079614678
2026-01-15,3578.6449602886873,1.429625444460145
2026-01-16,3543.9138822792906,-0.9705091841967738
2026-01-19,3525.0227987755025,-0.533057069988345
2026-01-20,3505.517159078966,-0.5533479018437051
2026-01-21,3531.405203106137,0.7384942892127434
2026-01-22,3523.7814252765584,-0.21588510496821123
2026-01-23,3559.837973693525,1.0232345331730293
2026-01-26,3541.412003012147,-0.517607003957537
2026-01-27,3550.029397792757,0.2433321729660531
2026-01-28,3527.0841888717814,-0.646338560893103
2026-01-29,3588.847522237223,1.7511159376436116
2026-01-30,3555.6175166181806,-0.9259241417514297
2026-02-02,3565.1485793711945,0.26805646862936683
2026-02-03,3583.981588587507,0.5282531371983951
2026-02-04,3596.5791711271763,0.35149685421889526
2026-02-05,3591.964527207067,-0.12830647402829343
2026-02-06,3588.947995146311,-0.08398000698246505
2026-02-09,3590.918525525676,0.054905514987406985
2026-02-10,3587.4097470487914,-0.09771256161739698
2026-02-11,3615.8966788144467,0.7940807929479
2026-02-12,3681.1399215156116,1.8043447724440074
2026-02-13,3665.486042656565,-0.4252454183431692
2026-02-16,3626.2568040218957,-1.070232928952526
2026-02-17,3624.4156999275815,-0.05077147576178986
2026-02-18,3700.726591631428,2.105467419351798
2026-02-19,3677.7391156928634,-0.621161152259859
2026-02-20,3727.022061247995,1.3400337545651941
2026-02-23,3778.1314385884057,1.371319420719942
2026-02-24,3762.182592653605,-0.4221358148608952
2026-02-25,3780.096517712171,0.4761577785604219
2026-02-26,3830.42257029143,1.331343058132223
2026-02-27,3819.580193331628,-0.2830595518075484
2026-03-02,3814.1212191803565,-0.14292078906477385
2026-03-03,3797.1669710525575,-0.4445125666835108
2026-03-04,3767.213538044593,-0.7888363413121552
2026-03-05,3748.440196832891,-0.498334937006153
2026-03-06,3712.6529298472296,-0.9547242347870102
2026-03-09,3714.4023000543425,0.047119142030462975
2026-03-10,3692.325232115455,-0.5943639421762278
2026-03-11,3699.9714514364023,0.20708412288390066
2026-03-12,3654.9278441388537,-1.217404185106934
2026-03-13,3665.3425855349483,0.2849506704433554
2026-03-16,3690.5977996958186,0.6890273847944931
2026-03-17,3632.9208907872894,-1.5628066789960955
2026-03-18,3644.531566038681,0.31959614867571107
2026-03-19,3681.232474729868,1.0070130557567958
2026-03-20,3646.5039704155574,-0.9433934029623874
2026-03-23,3696.3575324229755,1.3671605025494253
2026-03-24,3709.5050159512193,0.3556875495110883
2026-03-25,3689.373891994924,-0.5426903015288945
2026-03-26,3688.46,-0.02477092378484799
