Fecha,Spot,Open,High,Low,Volume,Retorno_Diario,Retorno_Log
,,USDCOP=X,USDCOP=X,USDCOP=X,USDCOP=X,,
2024-03-27,3855.5,3855.5,3877.35009765625,3836.25,0,,
2024-03-28,3846.3798828125,3846.3798828125,3861.219970703125,3814.47119140625,0,-0.002365482346647685,-0.0023682845198802335
2024-03-29,3857.25,3857.25,3863.64990234375,3825.1943359375,0,0.002826064382271065,0.0028220785700002367
2024-04-01,3859.449951171875,3859.449951171875,3863.75,3845.300048828125,0,0.0005703418683971062,0.0005701792852893812
2024-04-02,3861.06005859375,3861.06005859375,3876.320068359375,3839.85009765625,0,0.00041718572393611986,0.00041709872616730226
2024-04-03,3830.25,3830.25,3837.47998046875,3795.3798828125,0,-0.007979689030004788,-0.008011697138729129
2024-04-04,3811.610107421875,3811.610107421875,3811.610107421875,3760.97998046875,0,-0.004866495027250228,-0.004878374972308977
2024-04-05,3768.25,3768.25,3771.31005859375,3753.570068359375,0,-0.01137579820597212,-0.011440997532915442
2024-04-08,3773.340087890625,3773.340087890625,3786.469970703125,3756.070068359375,0,0.0013507829604260113,0.0013498714738442896
2024-04-09,3771.35009765625,3771.35009765625,3774.179931640625,3763.3798828125,0,-0.000527381626893697,-0.0005275207414970303
2024-04-10,3765.25,3765.25,3828.300048828125,3768.3701171875,0,-0.0016174837918232488,-0.001618793331027782
2024-04-11,3802.25,3802.25,3826.47998046875,3788.929931640625,0,0.009826704734081426,0.009778736660520149
2024-04-12,3822.25,3822.25,3876.760009765625,3822.25,0,0.005260043395358016,0.005246257688244963
2024-04-15,3813.10009765625,3813.10009765625,3882.780029296875,3813.10009765625,0,-0.0023938524020538088,-0.002396722247621175
2024-04-16,3884.25,3884.25,3946.090087890625,3882.139892578125,0,0.01865933243857998,0.018487382779008524
2024-04-17,3921.5,3921.5,3921.5,3867.989990234375,0,0.00959001094162315,0.009544318680610566
2024-04-18,3890.39990234375,3890.39990234375,3932.1298828125,3883.840087890625,0,-0.00793066368895834,-0.00796227866499876
2024-04-19,3926.64990234375,3926.64990234375,3960.760009765625,3911.840087890625,0,0.009317808171381392,0.009274665188445937
2024-04-22,3912.6201171875,3912.6201171875,3939.56005859375,3912.6201171875,0,-0.003572965633599212,-0.0035793639204277916
2024-04-23,3909.85009765625,3909.85009765625,3921.72998046875,3898.610107421875,0,-0.0007079704771444373,-0.0007082212065890387
2024-04-24,3903.199951171875,3903.199951171875,3938.659912109375,3903.199951171875,0,-0.0017008699357454748,-0.0017023180572918572
2024-04-25,3937.5,3937.5,3967.6298828125,3935.52001953125,0,0.008787674025725112,0.008749287142028675
2024-04-26,3956.010009765625,3956.010009765625,3956.02001953125,3930.18994140625,0,0.004700954861111217,0.004689939879938122
2024-04-29,3963.489990234375,3963.489990234375,3963.489990234375,3879.85009765625,0,0.0018907890653170334,0.0018890037737245898
2024-04-30,3907.260009765625,3907.260009765625,3907.260009765625,3855.989990234375,0,-0.014186986874520913,-0.014288584224361904
2024-05-01,3907.75,3907.75,3914.2099609375,3898.030029296875,0,0.0001254050749504021,0.0001253972123913201
2024-05-02,3912.25,3912.25,3912.25,3886.0,0,0.0011515578018042039,0.001150895267700853
2024-05-03,3895.75,3895.75,3908.35009765625,3862.5,0,-0.004217521886382469,-0.004226440717557394
2024-05-06,3886.2900390625,3886.2900390625,3899.5400390625,3840.615966796875,0,-0.0024282772091381855,-0.0024312302557528854
2024-05-07,3892.75,3892.75,3893.550048828125,3882.929931640625,0,0.001662243649487971,0.0016608636515630514
2024-05-08,3887.25,3887.25,3909.27001953125,3884.56005859375,0,-0.001412882923383263,-0.001413881983608493
2024-05-09,3896.25,3896.25,3914.5,3894.8701171875,0,0.0023152614316033215,0.00231258534362122
2024-05-10,3888.760009765625,3888.760009765625,3899.85009765625,3879.260009765625,0,-0.0019223587383702112,-0.001924208841351016
2024-05-13,3889.110107421875,3889.110107421875,3889.3701171875,3885.760009765625,0,9.002809516944765e-05,9.002404288369896e-05
2024-05-14,3886.949951171875,3886.949951171875,3881.93994140625,3832.640625,0,-0.000555437154087679,-0.0005555914664469402
2024-05-15,3851.75,3851.75,3858.0,3822.340087890625,0,-0.009055931157863961,-0.009097185354748186
2024-05-16,3822.31005859375,3822.31005859375,3832.22998046875,3821.8798828125,0,-0.007643263816771606,-0.007672623254621186
2024-05-17,3826.3798828125,3826.3798828125,3835.22998046875,3823.889892578125,0,0.0010647551235671848,0.00106418867388175
2024-05-20,3805.419921875,3805.419921875,3834.889892578125,3805.419921875,0,-0.005477752230417243,-0.005492810129300544
2024-05-21,3824.919921875,3824.919921875,3828.3798828125,3808.22998046875,0,0.005124270225187688,0.005111185832125835
2024-05-22,3821.06005859375,3821.06005859375,3831.199951171875,3813.669921875,0,-0.0010091357100511233,-0.0010096452303040035
2024-05-23,3827.89990234375,3827.89990234375,3842.239990234375,3821.780029296875,0,0.0017900382734410414,0.0017884380642700373
2024-05-24,3864.39990234375,3864.39990234375,3902.6298828125,3852.0,0,0.009535254560248951,0.00949008095467729
2024-05-27,3862.989990234375,3862.989990234375,3876.760009765625,3856.35009765625,0,-0.0003648463267271751,-0.00036491289934124644
2024-05-28,3868.239990234375,3868.239990234375,3868.760009765625,3846.969970703125,0,0.001359050894067071,0.0013581282202798867
2024-05-29,3858.389892578125,3858.389892578125,3874.409912109375,3858.389892578125,0,-0.0025464029328886584,-0.0025496505311375863
2024-05-30,3867.5,3867.5,3878.389892578125,3863.949951171875,0,0.0023611163401082713,0.0023583332848065366
2024-05-31,3864.75,3864.75,3864.75,3812.480712890625,0,-0.0007110536522301203,-0.0007113065707778401
2024-06-03,3855.89990234375,3855.89990234375,3872.25,3854.25,0,-0.002289953465618777,-0.0022925794186956397
2024-06-04,3856.239990234375,3856.239990234375,3914.14990234375,3856.239990234375,0,8.819935663217926e-05,8.819546729761361e-05
2024-06-05,3924.760009765625,3924.760009765625,3934.659912109375,3916.679931640625,0,0.017768608723723434,0.017612592413334245
2024-06-06,3930.0,3930.0,3944.010009765625,3930.0,0,0.0013351109931147853,0.0013342205249272754
2024-06-07,3939.75,3939.75,3960.64990234375,3935.25,0,0.0024809160305343525,0.002477843638873697
2024-06-10,3965.89990234375,3965.89990234375,3992.830078125,3939.267333984375,0,0.006637452209848238,0.006615521313957221
2024-06-11,3963.340087890625,3963.340087890625,3963.340087890625,3929.25,0,-0.0006454561426555427,-0.0006456645391502788
2024-06-12,3988.85009765625,3988.85009765625,4015.699951171875,3979.22998046875,0,0.00643649275608893,0.006415866994323911
2024-06-13,4025.0,4025.0,4086.510009765625,4018.18994140625,0,0.009062737746146743,0.009021917581352299
2024-06-14,4143.75,4143.75,4161.25,4139.25,0,0.029503105590062084,0.029076264081508867
2024-06-17,4136.81982421875,4136.81982421875,4165.509765625,4133.7998046875,0,-0.0016724406108596934,-0.0016738407009208617
2024-06-18,4131.5,4131.5,4128.8798828125,4074.949951171875,0,-0.0012859695236435709,-0.0012867970920126587
2024-06-19,4146.25,4146.25,4158.85986328125,4100.85107421875,0,0.003570131913348762,0.0035637741200232236
2024-06-20,4160.75,4160.75,4176.2998046875,4151.75,0,0.003497135966234577,0.0034910352055736965
2024-06-21,4162.7001953125,4162.7001953125,4170.47021484375,4130.52978515625,0,0.0004687124466742354,0.00046860263530736475
2024-06-24,4161.56005859375,4161.56005859375,4161.56005859375,4099.94970703125,0,-0.00027389354631734975,-0.00027393106200506644
2024-06-25,4086.75,4086.75,4101.39990234375,4074.080078125,0,-0.017976445741607172,-0.01813998490882081
2024-06-26,4088.72998046875,4088.72998046875,4133.509765625,4088.72998046875,0,0.0004844877882792531,0.00048437046196467205
2024-06-27,4144.75,4144.75,4178.22998046875,4123.56982421875,0,0.013701080726496784,0.013608069526292557
2024-06-28,4173.8798828125,4173.8798828125,4173.8798828125,4137.240234375,0,0.007028139890825846,0.007003557626850927
2024-07-01,4176.7998046875,4176.7998046875,4176.7998046875,4088.386474609375,0,0.0006995701737906312,0.0006993255886396061
2024-07-02,4132.25,4132.25,4144.259765625,4128.43994140625,0,-0.010666013879215175,-0.01072330353760223
2024-07-03,4117.9501953125,4117.9501953125,4123.41015625,4103.27001953125,0,-0.003460537161957822,-0.003466538670311085
2024-07-04,4102.25,4102.25,4102.25,4092.0,0,-0.003812623894862033,-0.0038199104718920182
2024-07-05,4091.0,4091.0,4111.25,4072.110107421875,0,-0.002742397464805868,-0.0027461647258611396
2024-07-08,4094.68994140625,4094.68994140625,4094.68994140625,4062.669921875,0,0.0009019656334026127,0.0009015591068309926
2024-07-09,4064.75,4064.75,4064.75,4023.449951171875,0,-0.0073118946329713275,-0.007338757560565095
2024-07-10,4046.39990234375,4046.39990234375,4046.39990234375,3976.360107421875,0,-0.004514446806384131,-0.004524667694070876
2024-07-11,3968.77001953125,3968.77001953125,3985.8701171875,3938.2900390625,0,-0.01918492602956401,-0.019371344861975552
2024-07-12,3972.830078125,3972.830078125,3975.7099609375,3929.18994140625,0,0.0010230017294450278,0.0010224788197704191
2024-07-15,3961.89990234375,3961.89990234375,3989.72998046875,3945.490966796875,0,-0.0027512316324408426,-0.0027550232261536545
2024-07-16,3935.199951171875,3935.199951171875,3984.760009765625,3931.169921875,0,-0.006739178633988208,-0.0067619894401462375
2024-07-17,3975.360107421875,3975.360107421875,4022.4599609375,3960.81005859375,0,0.010205366118192005,0.010153642974147179
2024-07-18,3998.5,3998.5,4019.159912109375,3984.219970703125,0,0.00582082929667771,0.005803953724709064
2024-07-19,4021.409912109375,4021.409912109375,4025.659912109375,4006.320068359375,0,0.005729626637332785,0.00571327475701191
2024-07-22,4046.719970703125,4046.719970703125,4046.719970703125,4003.489990234375,0,0.0062938270772983085,0.006274103661577615
2024-07-23,3992.25,3992.25,4013.510009765625,3992.25,0,-0.013460276742020438,-0.013551687469557655
2024-07-24,4014.75,4014.75,4038.72998046875,4014.75,0,0.005635919594213723,0.00562009722062383
2024-07-25,4043.050048828125,4043.050048828125,4049.110107421875,4035.429931640625,0,0.007049018949654373,0.007024290753918705
2024-07-26,4029.75,4029.75,4042.030029296875,4000.6298828125,0,-0.0032896077633221,-0.003295030418478496
2024-07-29,4021.06005859375,4021.06005859375,4076.949951171875,4021.06005859375,0,-0.002156446778646348,-0.0021587752580978408
2024-07-30,4064.64990234375,4064.64990234375,4100.240234375,4045.7900390625,0,0.010840386145648528,0.010782050369321134
2024-07-31,4082.25,4082.25,4074.389892578125,4061.860107421875,0,0.004330040244327371,0.004320692594155258
2024-08-01,4051.75,4051.75,4055.75,4039.300048828125,0,-0.007471369955294294,-0.007499420444190171
2024-08-02,4084.89990234375,4084.89990234375,4098.89013671875,4084.68994140625,0,0.00818162580212256,0.00814833774543319
2024-08-05,4050.260009765625,4050.260009765625,4207.52001953125,4050.260009765625,0,-0.008479985656013267,-0.00851614530167576
2024-08-06,4163.06982421875,4163.06982421875,4163.06982421875,4135.2001953125,0,0.02785248704555454,0.027471661644694653
2024-08-07,4138.0,4138.0,4138.0,4136.39990234375,0,-0.006021956219159685,-0.006040161321192787
2024-08-08,4134.89013671875,4134.89013671875,4134.89013671875,4099.25,0,-0.000751537767339272,-0.0007518203134187099
2024-08-09,4079.75,4079.75,4103.9599609375,4079.75,0,-0.01333533295820688,-0.013425046981025635
2024-08-12,4069.25,4069.25,4075.72998046875,4048.75,0,-0.0025736871131809558,-0.0025770047394363996
2024-08-13,4051.550048828125,4051.550048828125,4056.89990234375,4035.090087890625,0,-0.004349683890612521,-0.004359171287032271
2024-08-14,4035.219970703125,4035.219970703125,4035.219970703125,4012.330078125,0,-0.00403057544105212,-0.004038720102727319
2024-08-15,4014.75,4014.75,4022.25,4004.8798828125,0,-0.0050728264758161945,-0.005085736940247706
2024-08-16,4007.35009765625,4007.35009765625,4023.0,4004.97998046875,0,-0.0018431788638769708,-0.0018448796082110785
2024-08-19,4032.239990234375,4032.239990234375,4032.239990234375,4018.0,0,0.006211060169831972,0.00619185103398155
2024-08-20,4027.25,4027.25,4047.760009765625,3997.25,0,-0.0012375231252257368,-0.00123828948929589
2024-08-21,4007.25,4007.25,4012.199951171875,4002.4599609375,0,-0.004966167980631986,-0.004978540372084592
2024-08-22,4025.25,4025.25,4073.52001953125,4025.25,0,0.004491858506457058,0.00448180021905752
2024-08-23,4067.75,4067.75,4067.75,4018.659912109375,0,0.01055835041301778,0.0105030002943804
2024-08-26,4022.25,4022.25,4028.27001953125,4014.300048828125,0,-0.011185544834367844,-0.011248573488284053
2024-08-27,4025.949951171875,4025.949951171875,4045.18994140625,4023.659912109375,0,0.0009198710104729724,0.0009194481884096571
2024-08-28,4040.090087890625,4040.090087890625,4069.429931640625,4038.8798828125,0,0.0035122485103507017,0.003506094969851133
2024-08-29,4083.25,4083.25,4136.06982421875,4080.52001953125,0,0.010682908343736752,0.010626249243843523
2024-08-30,4125.1298828125,4125.1298828125,4170.9501953125,4114.64013671875,0,0.01025650714810511,0.01020426608225993
2024-09-02,4125.7900390625,4125.7900390625,4177.75,4125.7900390625,0,0.00016003283987497952,0.00016002003598607054
2024-09-03,4145.509765625,4145.509765625,4196.47021484375,4116.50390625,0,0.00477962435698287,0.004768238219046684
2024-09-04,4180.0498046875,4180.0498046875,4192.0,4172.77978515625,0,0.008331915980251514,0.008297397174287196
2024-09-05,4182.25,4182.25,4182.25,4165.31005859375,0,0.0005263562434190128,0.0005262177665614946
2024-09-06,4163.330078125,4163.330078125,4167.7998046875,4119.52978515625,0,-0.0045238620060972234,-0.0045341256356825465
2024-09-09,4172.830078125,4172.830078125,4238.18017578125,4165.0,0,0.0022818272444731225,0.0022792278302114994
2024-09-10,4208.25,4208.25,4299.25,4208.25,0,0.008488225307970332,0.008452402893272077
2024-09-11,4283.6298828125,4283.6298828125,4292.0,4247.75,0,0.017912406062496222,0.017753869300987553
2024-09-12,4268.22998046875,4268.22998046875,4271.5,4231.0498046875,0,-0.003595059042224902,-0.003601536796917292
2024-09-13,4209.25,4209.25,4211.91015625,4166.97998046875,0,-0.013818369848541456,-0.013914732265352286
2024-09-16,4198.68994140625,4198.68994140625,4236.10009765625,4171.75,0,-0.002508774388252033,-0.002511926636006934
2024-09-17,4224.75,4224.75,4259.22998046875,4202.60986328125,0,0.006206711845224255,0.0061875295410309394
2024-09-18,4203.5,4203.5,4225.56982421875,4187.43994140625,0,-0.005029883425054726,-0.005042575867581493
2024-09-19,4188.5,4188.5,4188.5,4172.85986328125,0,-0.0035684548590459997,-0.003574836981487312
2024-09-20,4163.5,4163.5,4167.5498046875,4151.0,0,-0.005968723886833005,-0.00598660791799019
2024-09-23,4152.22998046875,4152.22998046875,4157.41015625,4142.47998046875,0,-0.0027068619025459872,-0.002710532077826957
2024-09-24,4160.0,4160.0,4160.0,4140.43994140625,0,0.0018712883360985089,0.0018695396572617914
2024-09-25,4147.0,4147.0,4204.5,4144.740234375,0,-0.0031250000000000444,-0.0031298930089277044
2024-09-26,4199.0,4199.0,4207.8798828125,4180.169921875,0,0.012539184952978122,0.012461220437812033
2024-09-27,4164.75,4164.75,4192.0,4148.25,0,-0.008156703977137414,-0.008190151894367007
2024-09-30,4179.31005859375,4179.31005859375,4179.31005859375,4112.98779296875,0,0.0034960222327271584,0.003489925352754449
2024-10-01,4191.509765625,4191.509765625,4220.330078125,4132.87255859375,0,0.0029190720143301707,0.0029148197966277238
2024-10-02,4219.52001953125,4219.52001953125,4228.0,4193.56982421875,0,0.006682616878520786,0.006660387174456566
2024-10-03,4181.35986328125,4181.35986328125,4199.35986328125,4181.35986328125,0,-0.009043719682182982,-0.009084862358098723
2024-10-04,4185.10986328125,4185.10986328125,4201.6298828125,4168.490234375,0,0.0008968374219426867,0.0008964355035476756
2024-10-07,4163.47021484375,4163.47021484375,4200.25,4153.0,0,-0.0051706285245601835,-0.005184042483273595
2024-10-08,4212.75,4212.75,4246.75,4211.7998046875,0,0.011836228581762365,0.011766728304811413
2024-10-09,4229.330078125,4229.330078125,4237.1298828125,4228.22998046875,0,0.003935690018396443,0.0039279654514699355
2024-10-10,4232.740234375,4232.740234375,4232.740234375,4212.72998046875,0,0.0008063112093421587,0.0008059863150911912
2024-10-11,4210.75,4210.75,4219.0,4178.7099609375,0,-0.005195271421669756,-0.005208813768717653
2024-10-14,4195.06005859375,4195.06005859375,4211.22998046875,4167.193359375,0,-0.003726163131568039,-0.0037331225707923237
2024-10-15,4207.490234375,4207.490234375,4242.25,4205.35986328125,0,0.0029630507329176936,0.0029586695504052155
2024-10-16,4242.25,4242.25,4260.2001953125,4242.25,0,0.008261401379143773,0.008227462794827074
2024-10-17,4256.0,4256.0,4268.4501953125,4252.72998046875,0,0.0032412045494725206,0.003235963168544796
2024-10-18,4251.0,4251.0,4261.64990234375,4225.580078125,0,-0.0011748120300751896,-0.001175502662690186
2024-10-21,4236.10009765625,4236.10009765625,4295.669921875,4236.10009765625,0,-0.003505034660962081,-0.003511191686217441
2024-10-22,4276.0,4276.0,4286.0,4249.7998046875,0,0.009419017828645293,0.00937493547236327
2024-10-23,4262.27978515625,4262.27978515625,4295.0498046875,4261.0,0,-0.0032086564180893173,-0.0032138151942097924
2024-10-24,4306.75,4306.75,4313.85986328125,4296.06005859375,0,0.010433434003704223,0.010379381375752597
2024-10-25,4293.5,4293.5,4329.89990234375,4283.990234375,0,-0.003076565855923863,-0.0030813082139391364
2024-10-28,4324.14013671875,4324.14013671875,4347.9501953125,4319.52978515625,0,0.007136400772970841,0.007111057168287172
2024-10-29,4352.75,4352.75,4354.14013671875,4337.16015625,0,0.0066163126949350115,0.006594520965881376
2024-10-30,4394.39013671875,4394.39013671875,4404.1298828125,4359.27001953125,0,0.009566397500143653,0.009520929267703423
2024-10-31,4412.52978515625,4412.52978515625,4413.330078125,4397.240234375,0,0.004127910329565054,0.0041194138814125095
2024-11-01,4420.0498046875,4420.0498046875,4420.0498046875,4398.02978515625,0,0.0017042422141935187,0.0017027916412824101
2024-11-04,4372.65087890625,4372.65087890625,4421.64990234375,4365.12939453125,0,-0.010723618030498927,-0.010781530414635757
2024-11-05,4413.25,4413.25,4425.39013671875,4408.22021484375,0,0.009284784497568976,0.00924194584692196
2024-11-06,4414.75,4414.75,4439.830078125,4405.89990234375,0,0.00033988557185749,0.00033982782384128605
2024-11-07,4411.25,4411.25,4411.25,4335.8798828125,0,-0.0007927968741151536,-0.0007931113037538308
2024-11-08,4321.5,4321.5,4348.3798828125,4321.5,0,-0.02034570699914995,-0.020555531796787006
2024-11-11,4281.53125,4281.53125,4359.240234375,4313.61328125,0,-0.009248814069188982,-0.009291849909219472
2024-11-12,4358.759765625,4358.759765625,4449.330078125,4315.2607421875,0,0.018037592420935944,0.017876845168460467
2024-11-13,4434.75,4434.75,4528.18994140625,4410.7880859375,0,0.017433912044038546,0.017283684917115228
2024-11-14,4477.25,4477.25,4489.18017578125,4455.93017578125,0,0.009583403799537704,0.00953777427779976
2024-11-15,4480.0,4480.0,4483.56982421875,4447.0,0,0.0006142163158189273,0.0006140277621821478
2024-11-18,4451.66162109375,4451.66162109375,4428.64013671875,4385.18994140625,0,-0.006325531005859419,-0.006345621945833219
2024-11-19,4395.25,4395.25,4437.33984375,4390.16015625,0,-0.012672037071831621,-0.012753012140298706
2024-11-20,4390.64013671875,4390.64013671875,4406.43017578125,4390.52978515625,0,-0.0010488284582788054,-0.0010493788637338456
2024-11-21,4392.5,4392.5,4402.1201171875,4383.6298828125,0,0.00042359729409291447,0.0004235076020870998
2024-11-22,4388.5498046875,4388.5498046875,4426.10986328125,4387.47998046875,0,-0.00089930456744447,-0.0008997091843977543
2024-11-25,4341.76318359375,4341.76318359375,4414.740234375,4361.89990234375,0,-0.010661066451559065,-0.01071830278421147
2024-11-26,4383.0,4383.0,4409.6298828125,4382.0,0,0.009497712026780292,0.009452892326166237
2024-11-27,4401.25,4401.25,4411.080078125,4397.52001953125,0,0.004163814738763483,0.004155170050453172
2024-11-28,4382.75,4382.75,4424.9501953125,4375.52978515625,0,-0.00420335132064753,-0.004212210235278745
2024-11-29,4416.4599609375,4416.4599609375,4432.8701171875,4382.0,0,0.007691508969824845,0.007662080119890339
2024-12-02,4327.994140625,4423.25,4479.22998046875,4423.25,0,-0.020030934525606114,-0.020234273658186357
2024-12-03,4457.75,4457.75,4460.6298828125,4436.830078125,0,0.029980599593940838,0.029539966718468546
2024-12-04,4435.5,4435.5,4442.68017578125,4414.080078125,0,-0.004991307273848888,-0.0050038054535144014
2024-12-05,4425.75,4425.75,4442.490234375,4400.259765625,0,-0.002198173824822458,-0.002200593355253768
2024-12-06,4413.669921875,4413.669921875,4413.68017578125,4395.08984375,0,-0.0027294985313224274,-0.002733230404747562
2024-12-09,4376.15234375,4376.15234375,4420.240234375,4373.02978515625,0,-0.008500313523459369,-0.008536647233591415
2024-12-10,4391.10009765625,4391.10009765625,4400.89013671875,4366.64013671875,0,0.0034157297854582325,0.00340990943054858
2024-12-11,4366.75,4366.75,4371.509765625,4351.47998046875,0,-0.005545329670176957,-0.005560762089095323
2024-12-12,4336.25,4336.25,4348.8701171875,4322.4501953125,0,-0.006984599530543312,-0.007009106024542777
2024-12-13,4343.259765625,4343.259765625,4361.64013671875,4330.0,0,0.0016165501585472253,0.0016152449477761348
2024-12-16,4292.17236328125,4292.17236328125,4338.009765625,4310.169921875,0,-0.011762456104533414,-0.011832181088705393
2024-12-17,4317.0498046875,4317.0498046875,4356.93994140625,4317.0498046875,0,0.005796002420376256,0.005779270220463852
2024-12-18,4343.77978515625,4343.77978515625,4366.990234375,4339.75,0,0.006191723903608004,0.00617263394048755
2024-12-19,4371.33984375,4371.33984375,4405.85009765625,4371.33984375,0,0.006344718184823517,0.006324675193814097
2024-12-20,4376.68994140625,4376.68994140625,4380.2001953125,4358.2099609375,0,0.0012239033906045194,0.0012231550314004273
2024-12-23,4311.7841796875,4311.7841796875,4401.35986328125,4379.830078125,0,-0.014829874308595725,-0.01494093628584105
2024-12-24,4410.25,4410.25,4410.25,4364.43017578125,0,0.02283644454570921,0.022579595933160227
2024-12-25,4372.16015625,4372.16015625,4391.60986328125,4364.7890625,0,-0.008636663171022074,-0.008674175288908433
2024-12-26,4411.06005859375,4411.06005859375,4411.06005859375,4355.759765625,0,0.008897181474046167,0.008857834765935437
2024-12-27,4393.25,4393.25,4406.8798828125,4388.77978515625,0,-0.004037591498907811,-0.004045764578586658
2024-12-30,4350.453125,4350.453125,4417.5,4400.4599609375,0,-0.009741506857110394,-0.009789265750529644
2024-12-31,4403.169921875,4403.169921875,4404.06005859375,4403.169921875,0,0.012117541635390028,0.012044711981690572
2025-01-02,4403.169921875,4403.7900390625,4428.080078125,4390.77978515625,0,0.0,0.0
2025-01-03,4382.35009765625,4382.35009765625,4389.0,4342.4501953125,0,-0.0047283717385778745,-0.0047395858518552575
2025-01-06,4319.55029296875,4320.513671875,4367.25,4299.708984375,0,-0.014330166072556882,-0.014433834484592909
2025-01-07,4338.25,4338.25,4355.27978515625,4313.75,0,0.004329086539792915,0.004319743000944803
2025-01-08,4335.580078125,4335.580078125,4374.25,4331.35009765625,0,-0.0006154375324151085,-0.0006156269918308726
2025-01-09,4325.0,4325.0,4327.2998046875,4276.021484375,0,-0.002440291249233617,-0.002443273612802595
2025-01-10,4330.39013671875,4330.39013671875,4344.93017578125,4325.580078125,0,0.0012462743858381309,0.0012454984305509537
2025-01-13,4300.29736328125,4300.29736328125,4347.2998046875,4326.080078125,0,-0.006949206073220471,-0.006973464254468394
2025-01-14,4304.75,4304.75,4309.5,4288.5,0,0.001035425307275073,0.0010348896242328974
2025-01-15,4284.7001953125,4284.7001953125,4313.0,4274.1201171875,0,-0.004657600252627958,-0.004668480670254054
2025-01-16,4301.18994140625,4301.18994140625,4349.0498046875,4301.18994140625,0,0.003848518062428141,0.0038411314623666938
2025-01-17,4340.0,4340.0,4354.830078125,4334.4501953125,0,0.00902309805482826,0.008982633136042422
2025-01-20,4297.4140625,4297.4140625,4341.14013671875,4320.14990234375,0,-0.009812427995391726,-0.009860887128722911
2025-01-21,4321.60009765625,4321.60009765625,4321.60009765625,4302.97998046875,0,0.005628043936306115,0.005612265669867236
2025-01-22,4308.7001953125,4308.7001953125,4308.7001953125,4264.2001953125,0,-0.0029849828888022234,-0.0029894468356419417
2025-01-23,4259.25,4259.25,4263.75,4239.4501953125,0,-0.011476824348627845,-0.011543191374301388
2025-01-24,4224.509765625,4224.509765625,4229.259765625,4170.1298828125,0,-0.008156420584609969,-0.008189866171321749
2025-01-27,4175.05126953125,4175.05126953125,4249.3798828125,4194.93017578125,0,-0.011707511365270262,-0.011776583917528623
2025-01-28,4193.77978515625,4193.77978515625,4231.97998046875,4192.509765625,0,0.004485816919585384,0.004475785630696889
2025-01-29,4217.43994140625,4217.43994140625,4217.43994140625,4170.37451171875,0,0.005641725951788024,0.005625871020762438
2025-01-30,4167.830078125,4167.830078125,4179.330078125,4143.240234375,0,-0.01176302780134153,-0.011832759590278229
2025-01-31,4160.0498046875,4160.0498046875,4205.080078125,4156.8798828125,0,-0.001866744394963482,-0.0018684889336915472
2025-02-03,4170.0439453125,4170.0439453125,4230.7001953125,4167.22021484375,0,0.0024024088879268657,0.002399527717271819
2025-02-04,4160.669921875,4160.669921875,4177.5498046875,4145.919921875,0,-0.0022479435613711463,-0.0022504739793678293
2025-02-05,4164.0,4164.0,4193.080078125,4162.31982421875,0,0.0008003706584585046,0.0008000505326645177
2025-02-06,4174.81982421875,4174.81982421875,4177.93994140625,4143.830078125,0,0.0025984208018130506,0.0025950507431061432
2025-02-07,4140.81005859375,4140.81005859375,4142.43017578125,4103.009765625,0,-0.008146403211871434,-0.00817976647177205
2025-02-10,4105.4619140625,4105.4619140625,4153.18994140625,4118.14990234375,0,-0.008536528850892178,-0.008573173708929665
2025-02-11,4134.25,4134.25,4155.75,4134.25,0,0.0070121429793055245,0.006987672233041562
2025-02-12,4139.81982421875,4139.81982421875,4171.56005859375,4091.676025390625,0,0.001347239334522632,0.00134633262189164
2025-02-13,4165.35009765625,4165.35009765625,4183.25,4136.75,0,0.006167001106700987,0.006148062976473035
2025-02-14,4137.6298828125,4137.6298828125,4141.75,4087.0,0,-0.006654954372106059,-0.0066771973197443605
2025-02-17,4077.534912109375,4077.534912109375,4137.33984375,4108.259765625,0,-0.0145240082861825,-0.01463051421445249
2025-02-18,4134.25,4134.25,4134.60986328125,4084.74609375,0,0.013909160586754066,0.01381331593583227
2025-02-19,4091.330078125,4091.330078125,4100.25,4084.969970703125,0,-0.01038154970671823,-0.010435813884771909
2025-02-20,4097.0,4097.0,4099.2001953125,4052.88671875,0,0.0013858382889504473,0.001384878901337324
2025-02-21,4073.25,4073.25,4079.010009765625,4063.610107421875,0,-0.005796924578960194,-0.005813791963806707
2025-02-24,4030.2900390625,4030.2900390625,4118.7998046875,4076.320068359375,0,-0.010546851024980097,-0.010602863241356465
2025-02-25,4116.0,4116.0,4124.39990234375,4111.41015625,0,0.02126644983531678,0.02104347461223219
2025-02-26,4125.5,4125.5,4135.7001953125,4120.81982421875,0,0.0023080660835763656,0.002305406590457746
2025-02-27,4103.080078125,4103.080078125,4124.64990234375,4098.3701171875,0,-0.005434473851654298,-0.005449294323374565
2025-02-28,4130.5,4130.5,4146.89990234375,4119.8798828125,0,0.006682765472013408,0.006660534781536656
2025-03-03,4090.85205078125,4090.85205078125,4145.31005859375,4111.080078125,0,-0.00959882561887182,-0.00964519128804135
2025-03-04,4124.25,4124.25,4165.27978515625,4060.428466796875,0,0.008164056974969691,0.00813091134151507
2025-03-05,4152.0498046875,4152.0498046875,4164.0,4122.759765625,0,0.0067405721494817605,0.006717956066374374
2025-03-06,4111.25,4111.25,4112.259765625,4100.4599609375,0,-0.009826424683403001,-0.009875022619141355
2025-03-07,4106.25,4106.25,4125.39990234375,4096.93017578125,0,-0.0012161751292185663,-0.0012169152703460431
2025-03-10,4060.3515625,4060.3515625,4163.25,4104.740234375,0,-0.011177701674277007,-0.0112406416372229
2025-03-11,4179.5,4179.5,4180.66015625,4142.43017578125,0,0.02934436480831204,0.028922060543513036
2025-03-12,4123.25,4123.25,4134.52001953125,4101.2998046875,0,-0.013458547673166676,-0.013549934810949222
2025-03-13,4107.75,4107.75,4123.89990234375,4103.22998046875,0,-0.003759170557206093,-0.003766253996321232
2025-03-14,4123.25,4123.25,4123.25,4091.6298828125,0,0.0037733552431380435,0.0037662539963212987
2025-03-17,4069.672607421875,4069.672607421875,4128.8798828125,4064.39990234375,0,-0.012993971400745763,-0.013079131564012145
2025-03-18,4071.5,4071.5,4138.2001953125,4071.5,0,0.00044902692535808697,0.00044892614293645737
2025-03-19,4117.5,4117.5,4145.5,4115.0,0,0.011298047402677147,0.011234701144609383
2025-03-20,4150.490234375,4150.490234375,4172.60986328125,4150.490234375,0,0.008012200212507592,0.007980272961355693
2025-03-21,4178.39990234375,4178.39990234375,4186.56005859375,4163.89990234375,0,0.006724426849049836,0.006701918737252386
2025-03-24,4116.01953125,4116.01953125,4150.75,4142.580078125,0,-0.01492924864821088,-0.015041811606069466
2025-03-25,4143.91015625,4143.91015625,4146.06982421875,4105.31005859375,0,0.006776115805147809,0.006753261118358667
2025-03-26,4102.0,4102.0,4139.72998046875,4102.0,0,-0.010113673962450553,-0.010165164630366586
2025-03-27,4130.18017578125,4130.18017578125,4154.5400390625,4129.52978515625,0,0.006869862452766995,0.006846372468317034
2025-03-28,4166.5,4166.5,4180.2099609375,4165.60009765625,0,0.008793762662395288,0.008755322721618651
2025-03-31,4125.830078125,4125.830078125,4200.3798828125,4096.5341796875,0,-0.009761171696867854,-0.009809124237128099
2025-04-01,4182.75,4182.75,4186.14990234375,4138.14013671875,0,0.013795992757139386,0.013701694352639512
2025-04-02,4146.75,4146.75,4166.4501953125,4124.580078125,0,-0.008606777837547042,-0.008644030051620706
2025-04-03,4149.5,4149.5,4151.47998046875,4104.66015625,0,0.0006631699523722556,0.0006629501523505358
2025-04-04,4158.2001953125,4158.2001953125,4245.2001953125,4147.77978515625,0,0.0020966852180985818,0.0020944902412282497
2025-04-07,4179.9599609375,4179.9599609375,4414.75,4179.9599609375,0,0.005232976913793097,0.005219332470108774
2025-04-08,4390.5,4390.5,4405.75,4338.25,0,0.050368912867595705,0.04914144805021055
2025-04-09,4422.5,4422.5,4439.25,4410.14990234375,0,0.007288463728504668,0.007262031233890053
2025-04-10,4300.5,4300.5,4374.1298828125,4300.5,0,-0.02758620689655178,-0.02797385204240618
2025-04-11,4369.0,4369.0,4377.5,4349.77978515625,0,0.015928380420881183,0.015802854959901552
2025-04-14,4277.0498046875,4277.0498046875,4302.47998046875,4258.27978515625,0,-0.02104605065518428,-0.02127067602087515
2025-04-15,4307.5,4307.5,4349.9501953125,4300.5,0,0.007119439029942498,0.007094215471523961
2025-04-16,4349.25,4349.25,4354.259765625,4282.259765625,0,0.009692396982008189,0.009645727022575037
2025-04-17,4310.3701171875,4310.3701171875,4310.3701171875,4310.06005859375,0,-0.008939445378513544,-0.008979641956407398
2025-04-22,4279.25,4279.25,4291.85009765625,4268.6298828125,0,-0.007219824827433996,-0.007246013892478588
2025-04-23,4293.5,4293.5,4321.0498046875,4260.75,0,0.0033300227843664487,0.003324490536765807
2025-04-24,4300.5,4300.5,4300.5,4264.2001953125,0,0.001630371491790017,0.001629043878994883
2025-04-25,4255.25,4255.25,4266.64990234375,4224.7998046875,0,-0.010522032321823027,-0.010577780303451738
2025-04-28,4218.14990234375,4218.14990234375,4250.75,4215.81005859375,0,-0.008718664627518913,-0.008756894555445028
2025-04-29,4215.25,4215.25,4215.25,4188.97998046875,0,-0.0006874820503981471,-0.0006877184745474064
2025-04-30,4195.25,4195.25,4219.77978515625,4191.8701171875,0,-0.004744677065417258,-0.0047559687768188716
2025-05-01,4241.35009765625,4241.35009765625,4241.35009765625,4230.27001953125,0,0.010988641357785545,0.010928704918628698
2025-05-02,4197.08984375,4197.08984375,4266.64990234375,4197.08984375,0,-0.010435416291314392,-0.010490247035909572
2025-05-05,4266.89990234375,4266.89990234375,4291.2099609375,4238.93994140625,0,0.016632967411385202,0.016496154593369398
2025-05-06,4295.0,4295.0,4319.75,4294.8798828125,0,0.0065856003888946635,0.006564010060995849
2025-05-07,4300.85986328125,4300.85986328125,4319.0,4297.25,0,0.0013643453506984038,0.001363415477263325
2025-05-08,4297.14990234375,4297.14990234375,4297.14990234375,4245.89990234375,0,-0.0008626091189749552,-0.0008629813803137707
2025-05-09,4250.89990234375,4250.89990234375,4260.2998046875,4231.72021484375,0,-0.01076294777959097,-0.010821287283017423
2025-05-12,4246.9501953125,4246.9501953125,4246.9501953125,4208.10009765625,0,-0.0009291460918833261,-0.0009295780156809556
2025-05-13,4223.0,4223.0,4228.080078125,4195.93017578125,0,-0.00563938690379151,-0.0056553482826634345
2025-05-14,4210.0,4210.0,4219.60009765625,4178.0,0,-0.0030783802983660458,-0.0030831282575164284
2025-05-15,4205.0,4205.0,4216.7001953125,4159.85986328125,0,-0.001187648456057011,-0.0011883542693786767
2025-05-16,4199.75,4199.75,4207.25,4190.83984375,0,-0.0012485136741974268,-0.0012492937167248599
2025-05-19,4212.60986328125,4212.60986328125,4212.60986328125,4158.06982421875,0,0.0030620544749686562,0.003057375934362544
2025-05-20,4168.25,4168.25,4181.60986328125,4162.93017578125,0,-0.010530256710432173,-0.010586092184118026
2025-05-21,4171.9501953125,4171.9501953125,4182.08984375,4162.06005859375,0,0.0008877095453727613,0.000887315764279214
2025-05-22,4171.0,4171.0,4187.31005859375,4168.89990234375,0,-0.000227758067094741,-0.0002277840079021979
2025-05-23,4174.64990234375,4174.64990234375,4179.27001953125,4166.14990234375,0,0.0008750664933470098,0.0008746838458748376
2025-05-26,4156.81005859375,4156.81005859375,4159.14990234375,4140.75,0,-0.004273374814013575,-0.004282531776898485
2025-05-27,4150.25,4150.25,4150.25,4120.669921875,0,-0.0015781473055733741,-0.0015793938917361087
2025-05-28,4111.25,4111.25,4133.85986328125,4109.830078125,0,-0.009397024275646038,-0.009441454870918674
2025-05-29,4123.47998046875,4123.47998046875,4123.47998046875,4095.800048828125,0,0.0029747596153846256,0.0029703437732117857
2025-05-30,4128.75,4128.75,4163.1298828125,4118.02001953125,0,0.001278051441067296,0.001277235428520964
2025-06-02,4068.934326171875,4068.934326171875,4129.39013671875,4063.154296875,0,-0.014487598868452967,-0.014593568874879878
2025-06-03,4130.27001953125,4130.27001953125,4155.330078125,4099.76123046875,0,0.015074141886453285,0.014961656019557405
2025-06-04,4124.1201171875,4124.1201171875,4124.1201171875,4090.0,0,-0.0014889831208778626,-0.001490092757868942
2025-06-05,4106.919921875,4106.919921875,4107.330078125,4086.969970703125,0,-0.004170633934937329,-0.004179355286135752
2025-06-06,4104.5,4104.5,4143.22998046875,4101.25,0,-0.0005892303529246856,-0.0005894040173513413
2025-06-09,4117.85986328125,4117.85986328125,4146.25,4112.3701171875,0,0.003254930754355012,0.003249644934127292
2025-06-10,4137.81005859375,4137.81005859375,4204.85986328125,4137.81005859375,0,0.00484479704867935,0.004833098788041702
2025-06-11,4201.25,4201.25,4203.7001953125,4192.72998046875,0,0.015331767410273534,0.015215423528825567
2025-06-12,4176.75,4176.75,4186.25,4160.81005859375,0,-0.0058315977387681794,-0.005848667901427696
2025-06-13,4155.25,4155.25,4170.2900390625,4139.6298828125,0,-0.00514754294607056,-0.005160837186668235
2025-06-16,4092.25048828125,4092.25048828125,4131.740234375,4084.47998046875,0,-0.015161425117321436,-0.01527753460823368
2025-06-17,4098.75,4098.75,4107.14990234375,4092.22998046875,0,0.0015882487490348485,0.0015869888158722041
2025-06-18,4100.25,4100.25,4100.25,4065.27001953125,0,0.00036596523330278963,0.00036589828436028865
2025-06-19,4068.469970703125,4068.469970703125,4082.14990234375,4068.39990234375,0,-0.007750754050820041,-0.007780947259608864
2025-06-20,4082.0,4082.0,4083.969970703125,4068.050048828125,0,0.0033255817037618485,0.00332006418618061
2025-06-23,4080.919921875,4080.919921875,4093.080078125,4080.919921875,0,-0.0002645953270455914,-0.00026463033856519776
2025-06-24,4082.25,4082.25,4088.68994140625,4078.2900390625,0,0.00032592605355241666,0.0003258729511942059
2025-06-25,4076.550048828125,4076.550048828125,4078.780029296875,4059.919921875,0,-0.0013962768502358003,-0.001397252553097022
2025-06-26,4056.18994140625,4056.18994140625,4056.18994140625,4041.56005859375,0,-0.0049944455919848085,-0.005006959519512112
2025-06-27,4037.25,4037.25,4057.699951171875,4037.25,0,-0.004669392133960004,-0.004680327800633665
2025-06-30,4035.43994140625,4035.43994140625,4057.580078125,4035.43994140625,0,-0.0004483394869650992,-0.0004484400211629753
2025-07-01,4087.75,4087.75,4087.75,4041.0,0,0.012962665620918967,0.012879369326682485
2025-07-02,4028.280029296875,4028.280029296875,4033.0,3998.5,0,-0.014548338499938862,-0.014655203313230848
2025-07-03,3989.0,3989.0,3995.75,3954.510009765625,0,-0.00975106720764174,-0.009798920196058325
2025-07-04,3988.25,3988.25,4000.25,3956.789306640625,0,-0.00018801704687887444,-0.00018803472429963864
2025-07-07,3999.89990234375,3999.89990234375,4025.7900390625,3941.1767578125,0,0.0029210561884911446,0.0029167981937423056
2025-07-08,4030.35009765625,4030.35009765625,4052.239990234375,4028.6201171875,0,0.007612739332466312,0.007583908660206272
2025-07-09,4049.8798828125,4049.8798828125,4049.8798828125,4030.169921875,0,0.004845679576969575,0.00483397706089067
2025-07-10,4021.5,4021.5,4027.64990234375,4007.10009765625,0,-0.007007586307174907,-0.0070322547518224
2025-07-11,4013.949951171875,4013.949951171875,4014.419921875,3997.4599609375,0,-0.0018774210687865223,-0.0018791856326200412
2025-07-14,4011.669921875,4011.669921875,4039.699951171875,3996.320068359375,0,-0.0005680263392944251,-0.0005681877273735049
2025-07-15,4008.75,4008.75,4014.81005859375,3992.760009765625,0,-0.0007278569602843232,-0.0007281219767655036
2025-07-16,4033.75,4033.75,4048.75,4024.159912109375,0,0.006236357966947326,0.00621699235880693
2025-07-17,4012.8798828125,4012.8798828125,4035.530029296875,4006.860107421875,0,-0.005173874728850336,-0.005187305565043744
2025-07-18,4020.409912109375,4020.409912109375,4020.409912109375,3984.25,0,0.0018764651613736305,0.0018747067999483867
2025-07-21,4020.010009765625,4020.010009765625,4021.89990234375,3967.95849609375,0,-9.946805238580936e-05,-9.947299966059864e-05
2025-07-22,4033.590087890625,4033.590087890625,4065.919921875,4028.679931640625,0,0.0033781204753249305,0.003372427443913214
2025-07-23,4070.81005859375,4070.81005859375,4072.97998046875,4029.840087890625,0,0.009227504503956485,0.009185191182667524
2025-07-24,4036.300048828125,4036.300048828125,4051.949951171875,4034.919921875,0,-0.008477430601993352,-0.008513568398848897
2025-07-25,4072.010009765625,4072.010009765625,4117.31982421875,4072.010009765625,0,0.008847201770311397,0.008808294592105657
2025-07-28,4063.7099609375,4063.7099609375,4189.75,4063.7099609375,0,-0.0020383173931840526,-0.002040397589295679
2025-07-29,4173.58984375,4173.58984375,4182.43994140625,4151.080078125,0,0.02703930247697861,0.026680199422526783
2025-07-30,4134.75,4134.75,4196.02001953125,4134.75,0,-0.009306099833495396,-0.009349672116581479
2025-07-31,4186.75,4186.75,4189.919921875,4170.08984375,0,0.012576334723985783,0.01249790947668499
2025-08-01,4184.9599609375,4184.9599609375,4185.02001953125,4115.3701171875,0,-0.0004275485907924148,-0.0004276400157511626
2025-08-04,4122.419921875,4122.419921875,4124.66015625,4095.39990234375,0,-0.014943999380221062,-0.015056786005047295
2025-08-05,4096.89990234375,4096.89990234375,4101.93017578125,4088.68994140625,0,-0.006190543422282646,-0.006209784284911763
2025-08-06,4088.5,4088.5,4088.969970703125,4037.64990234375,0,-0.002050306950126979,-0.002052411706845488
2025-08-07,4043.570068359375,4043.570068359375,4049.47998046875,4042.25,0,-0.010989343681209518,-0.011050172575420066
2025-08-08,4045.25,4045.25,4045.60009765625,4030.139892578125,0,0.00041545753188998447,0.0004153712533054804
2025-08-11,4043.139892578125,4043.139892578125,4071.10009765625,4023.639892578125,0,-0.0005216259617761843,-0.0005217620559270698
2025-08-12,4027.7900390625,4027.7900390625,4027.7900390625,4006.830078125,0,-0.003796518033868268,-0.003803743100987991
2025-08-13,4018.75,4018.75,4023.719970703125,4011.780029296875,0,-0.0022444166589686843,-0.0022469391370729085
2025-08-14,4021.75,4021.75,4060.7900390625,4016.25,0,0.0007465007776050747,0.0007462222844878594
2025-08-15,4049.449951171875,4049.449951171875,4049.449951171875,3995.139892578125,0,0.006887536811555961,0.00686392608107682
2025-08-18,4045.159912109375,4045.159912109375,4045.159912109375,4012.949951171875,0,-0.001059412787966063,-0.001059974362354811
2025-08-19,4013.25,4013.25,4034.1298828125,4013.10009765625,0,-0.007888417961883554,-0.007919696129615529
2025-08-20,4031.8798828125,4031.8798828125,4035.8701171875,4025.659912109375,0,0.004642093767520006,0.004631352478799007
2025-08-21,4024.949951171875,4024.949951171875,4036.330078125,4020.8701171875,0,-0.0017187842500384631,-0.001720263054427611
2025-08-22,4032.699951171875,4032.699951171875,4032.97998046875,4004.929931640625,0,0.001925489780995493,0.0019236384017074577
2025-08-25,3984.860107421875,3984.860107421875,4024.4599609375,3984.860107421875,0,-0.01186298121091256,-0.01193390786495907
2025-08-26,4024.0,4024.0,4038.2900390625,4017.89990234375,0,0.009822149717433337,0.009774225958931546
2025-08-27,4053.3701171875,4053.3701171875,4064.25,4047.3798828125,0,0.0072987368756212145,0.007272229995317262
2025-08-28,4027.360107421875,4027.360107421875,4028.0,4016.409912109375,0,-0.006416884965755987,-0.0064375616729175494
2025-08-29,4024.800048828125,4024.800048828125,4037.77001953125,4019.8798828125,0,-0.0006356666713344117,-0.0006358687930521662
2025-09-01,4013.989990234375,4013.989990234375,4017.739990234375,4005.81005859375,0,-0.0026858622695796752,-0.002689475669157865
2025-09-02,4013.35009765625,4013.35009765625,4027.02001953125,4013.239990234375,0,-0.00015941558889831509,-0.00015942829691389544
2025-09-03,4003.39990234375,4003.39990234375,4008.080078125,3986.8798828125,0,-0.0024792741899867243,-0.0024823526795738054
2025-09-04,4004.25,4004.25,4002.27001953125,3992.610107421875,0,0.0002123439269088312,0.00021232138512820067
2025-09-05,3985.25,3985.25,3985.25,3954.6298828125,0,-0.004744958481613271,-0.004756251534649264
2025-09-08,3966.489990234375,3966.489990234375,3966.489990234375,3940.10009765625,0,-0.004707360834483421,-0.004718475351240883
2025-09-09,3938.25,3938.25,3938.25,3904.429931640625,0,-0.007119642380014279,-0.007145107976436808
2025-09-10,3921.75,3921.75,3938.75,3916.429931640625,0,-0.0041896781565415875,-0.004198479449728654
2025-09-11,3922.3798828125,3922.3798828125,3924.909912109375,3892.85009765625,0,0.00016061268885070312,0.00016059979201370515
2025-09-12,3894.52001953125,3894.52001953125,3914.030029296875,3894.47998046875,0,-0.007102795780523308,-0.0071281407190610414
2025-09-15,3851.14453125,3851.14453125,3893.669921875,3849.946533203125,0,-0.011137569729702035,-0.011200056862511139
2025-09-16,3906.320068359375,3906.320068359375,3906.659912109375,3890.280029296875,0,0.014327049182822016,0.014225386877045408
2025-09-17,3865.8798828125,3865.8798828125,3889.39990234375,3860.469970703125,0,-0.010352501801998981,-0.010406461685040008
2025-09-18,3875.590087890625,3875.590087890625,3887.739990234375,3867.68994140625,0,0.002511771025606846,0.00250862180108259
2025-09-19,3892.5,3892.5,3906.280029296875,3892.5,0,0.004363183857397646,0.004353692768274035
2025-09-22,3898.89990234375,3898.89990234375,3898.89990234375,3836.110107421875,0,0.001644162451830411,0.0016428122964603246
2025-09-23,3851.199951171875,3851.199951171875,3851.199951171875,3828.449951171875,0,-0.012234207691046661,-0.012309661654484397
2025-09-24,3860.25,3860.25,3896.679931640625,3849.159912109375,0,0.0023499296174873674,0.0023471728508441684
2025-09-25,3885.239990234375,3885.239990234375,3905.199951171875,3880.969970703125,0,0.006473671455054619,0.006452807240968735
2025-09-26,3900.25,3900.25,3917.590087890625,3884.75,0,0.003863341724926306,0.003855898185416289
2025-09-29,3899.360107421875,3899.360107421875,3904.239990234375,3885.780029296875,0,-0.00022816295830396793,-0.00022818899143167788
2025-09-30,3919.0,3919.0,3933.550048828125,3907.81005859375,0,0.0050366962878711785,0.005024054563704258
2025-10-01,3924.75,3924.75,3924.75,3887.27001953125,0,0.0014672110232201163,0.0014661357207953341
2025-10-02,3878.760009765625,3878.760009765625,3905.800048828125,3878.760009765625,0,-0.011717941329861814,-0.011787137493264857
2025-10-03,3884.1298828125,3884.1298828125,3884.75,3864.949951171875,0,0.001384430342004972,0.0013834729018899305
2025-10-06,3882.409912109375,3882.409912109375,3882.409912109375,3839.469970703125,0,-0.00044282007940465995,-0.0004429181531697789
2025-10-07,3861.949951171875,3861.949951171875,3875.260009765625,3853.6298828125,0,-0.005269912606003957,-0.005283847574379146
2025-10-08,3874.75,3874.75,3891.0400390625,3854.27001953125,0,0.003314400494558667,0.003308919975657058
2025-10-09,3887.5,3887.5,3897.659912109375,3884.590087890625,0,0.003290534873217732,0.0032851329103295366
2025-10-10,3887.8798828125,3887.8798828125,3924.580078125,3887.8798828125,0,9.77190514468429e-05,9.771427725135243e-05
2025-10-13,3872.22998046875,3872.22998046875,3897.010009765625,3872.22998046875,0,-0.0040253050031033855,-0.0040334283499145725
2025-10-14,3884.552734375,3884.552734375,3934.820068359375,3884.535888671875,0,0.0031823404003390454,0.0031772874723803193
2025-10-15,3923.5,3923.5,3923.5,3907.389892578125,0,0.010026190474993424,0.009976261680321103
2025-10-16,3889.699951171875,3889.699951171875,3891.43994140625,3871.669921875,0,-0.008614769677105949,-0.008652091304807047
2025-10-17,3860.75,3860.75,3862.550048828125,3810.550048828125,0,-0.007442720912998246,-0.007470556159610601
2025-10-20,3854.9599609375,3854.9599609375,3889.610107421875,3788.482666015625,0,-0.0014997187236935883,-0.001500844427452129
2025-10-21,3881.75,3881.75,3889.0,3855.75,0,0.0069494986547109505,0.006925462185620846
2025-10-22,3882.0,3882.0,3906.47998046875,3873.0,0,6.4403941521185e-05,6.440186767638531e-05
2025-10-23,3909.449951171875,3909.449951171875,3909.449951171875,3889.72998046875,0,0.007071084794403548,0.007046201904806916
2025-10-24,3878.550048828125,3878.550048828125,3885.25,3856.070068359375,0,-0.007903900223735438,-0.007935301614861954
2025-10-27,3838.461181640625,3838.461181640625,3876.47998046875,3836.25,0,-0.010336044831911528,-0.010389832700187882
2025-10-28,3843.6298828125,3843.6298828125,3886.760009765625,3841.14990234375,0,0.001346555540693517,0.001345649747823857
2025-10-29,3887.469970703125,3887.469970703125,3911.389892578125,3872.820068359375,0,0.011405907755755562,0.011341350813143998
2025-10-30,3875.75,3875.75,3885.830078125,3870.489990234375,0,-0.0030148067487207886,-0.003019360433209083
2025-10-31,3858.449951171875,3858.449951171875,3863.5,3849.5400390625,0,-0.004463664794717159,-0.004473656691154358
2025-11-03,3808.69873046875,3808.69873046875,3879.969970703125,3838.28125,0,-0.012894095124394434,-0.012977945532214302
2025-11-04,3855.0,3855.0,3877.760009765625,3854.699951171875,0,0.012156716193079342,0.012083416774326951
2025-11-05,3860.239990234375,3860.239990234375,3861.340087890625,3829.300048828125,0,0.0013592711373215938,0.0013583481645946711
2025-11-06,3832.75,3832.75,3832.75,3800.300048828125,0,-0.007121316369945729,-0.007146793971461054
2025-11-07,3784.14990234375,3784.14990234375,3785.889892578125,3773.64990234375,0,-0.012680215943187023,-0.012761296019150452
2025-11-10,3737.105712890625,3778.550048828125,3781.929931640625,3756.820068359375,0,-0.012431904302730667,-0.012509826916209976
2025-11-11,3751.969970703125,3751.969970703125,3770.280029296875,3728.25,0,0.003977478550105662,0.003969589294940263
2025-11-12,3756.780029296875,3756.780029296875,3758.010009765625,3704.179931640625,0,0.0012820088197156299,0.0012811877480811808
2025-11-13,3705.0,3705.0,3744.409912109375,3693.199951171875,0,-0.013783087881929057,-0.013878956568037518
2025-11-14,3746.820068359375,3746.820068359375,3791.7900390625,3743.280029296875,0,0.011287467843286159,0.011224239723511152
2025-11-17,3701.26025390625,3707.383056640625,3753.39990234375,3707.383056640625,0,-0.012159594969041176,-0.012234127651663974
2025-11-18,3754.5,3754.5,3762.1298828125,3732.39990234375,0,0.0143842211683336,0.014281749737904187
2025-11-19,3719.800048828125,3719.090087890625,3723.6298828125,3705.35009765625,0,-0.009242229636935662,-0.00928520403236645
2025-11-20,3712.25,3712.25,3755.31005859375,3706.25,0,-0.0020296921149037805,-0.0020317547314013073
2025-11-21,3762.169921875,3762.169921875,3762.929931640625,3662.353759765625,0,0.01344734914809087,0.013357736027283155
2025-11-24,3717.585693359375,3781.75,3806.699951171875,3772.610107421875,0,-0.011850668481609983,-0.011921447394035086
2025-11-25,3791.25,3791.25,3815.360107421875,3779.60009765625,0,0.0198150931052401,0.01962132959337187
2025-11-26,3802.89990234375,3802.89990234375,3802.89990234375,3740.25,0,0.003072839391691451,0.0030681278700931585
2025-11-27,3734.6298828125,3734.6298828125,3743.72998046875,3727.25,0,-0.017952094791970352,-0.018115188509972183
2025-11-28,3743.8798828125,3743.8798828125,3758.199951171875,3727.2900390625,0,0.0024768183970707014,0.0024737561377824813
2025-12-01,3691.856689453125,3733.219970703125,3786.77001953125,3702.84716796875,0,-0.013895529500880688,-0.013992976139152487
2025-12-02,3808.39990234375,3808.39990234375,3819.080078125,3807.820068359375,0,0.03156764270497425,0.031079628407664286
2025-12-03,3816.25,3816.25,3816.25,3765.8798828125,0,0.002061258758939477,0.0020591372798818056
2025-12-04,3768.14990234375,3768.14990234375,3775.0,3750.760009765625,0,-0.012604021659023856,-0.012684126144222771
2025-12-05,3795.239990234375,3795.239990234375,3820.550048828125,3795.239990234375,0,0.007189227762349759,0.007163508458825973
2025-12-08,3755.67138671875,3833.239990234375,3840.860107421875,3826.530029296875,0,-0.01042585017480846,-0.01048058008700506
2025-12-09,3840.860107421875,3840.860107421875,3867.31005859375,3820.25,0,0.022682687576016214,0.022429260531678943
2025-12-10,3856.6298828125,3856.6298828125,3856.6298828125,3784.044189453125,0,0.004105792699961253,0.004097386933481767
2025-12-11,3840.030029296875,3840.030029296875,3842.330078125,3792.49072265625,0,-0.004304238161303542,-0.00431352806125637
2025-12-12,3801.5,3801.5,3802.580078125,3778.760009765625,0,-0.01003378333057725,-0.0100844610120987
2025-12-15,3759.907958984375,3800.72998046875,3823.5,3763.3203125,0,-0.010940955153393439,-0.011001247577683917
2025-12-16,3818.070068359375,3818.070068359375,3853.070068359375,3816.25,0,0.015469024776529672,0.015350599137376852
2025-12-17,3839.22998046875,3839.22998046875,3876.760009765625,3838.570068359375,0,0.005542043946424435,0.005526743325981708
2025-12-18,3863.75,3863.75,3886.419921875,3861.10009765625,0,0.0063867024523120985,0.006366393892160229
2025-12-19,3861.9599609375,3861.9599609375,3866.030029296875,3819.830078125,0,-0.00046329060174699066,-0.00046339795399596333
2025-12-22,3817.51416015625,3803.25,3840.2900390625,3802.60009765625,0,-0.011508612525972572,-0.011575349131700215
2025-12-23,3801.2099609375,3801.2099609375,3801.2099609375,3760.75,0,-0.004270894235028244,-0.0042800405550784066
2025-12-24,3754.330078125,3754.330078125,3754.330078125,3711.429931640625,0,-0.012332884343210004,-0.01240956547996742
2025-12-26,3742.050048828125,3726.39990234375,3734.35009765625,3702.489990234375,0,-0.0032708976145773283,-0.0032762586937326007
2025-12-29,3695.25,3695.25,3716.429931640625,3683.179931640625,0,-0.012506526694580411,-0.012585391539669215
2025-12-30,3729.39990234375,3729.39990234375,3739.02001953125,3703.409912109375,0,0.009241567510655635,0.009199125512298189
2025-12-31,3740.4599609375,3740.4599609375,3771.639892578125,3740.4599609375,0,0.0029656402862023867,0.0029612514500473
2026-01-02,3768.2099609375,3769.0,3819.429931640625,3756.75,0,0.007418873691952266,0.007391489206477477
2026-01-05,3731.327392578125,3772.27001953125,3804.1298828125,3750.409912109375,0,-0.009787822000820512,-0.009836037605718847
2026-01-06,3748.3701171875,3748.3701171875,3761.699951171875,3721.469970703125,0,0.004567469647202227,0.0045570704111531956
2026-01-07,3711.2900390625,3711.2900390625,3754.469970703125,3711.2900390625,0,-0.009892320386126197,-0.009941574481492675
2026-01-08,3750.75,3750.75,3751.969970703125,3731.6298828125,0,0.010632410973589135,0.010576284382175945
2026-01-09,3713.510009765625,3713.510009765625,3716.929931640625,3701.929931640625,0,-0.009928678326834639,-0.00997829635430205
2026-01-12,3670.43359375,3711.64990234375,3713.639892578125,3711.64990234375,0,-0.01159991918760006,-0.011667723106859871
2026-01-13,3713.639892578125,3713.639892578125,3716.239990234375,3668.02001953125,0,0.011771442725921233,0.011702698249201473
2026-01-14,3684.860107421875,3684.860107421875,3684.860107421875,3615.31005859375,0,-0.007749751184482845,-0.007779936560095116
2026-01-15,3671.7900390625,3671.7900390625,3697.949951171875,3667.260009765625,0,-0.003546964600650626,-0.003553269994009914
2026-01-16,3684.110107421875,3684.110107421875,3698.070068359375,3684.110107421875,0,0.0033553302962063825,0.003349713735612028
2026-01-19,3647.150146484375,3689.6201171875,3694.409912109375,3677.5,0,-0.010032262842264661,-0.01008292511408589
2026-01-20,3675.5,3675.5,3678.89990234375,3654.719970703125,0,0.007773152290687202,0.007743096991558982
2026-01-21,3674.699951171875,3674.699951171875,3675.739990234375,3655.389892578125,0,-0.00021767074632705885,-0.0002176944400423103
2026-01-22,3673.169921875,3673.169921875,3673.27001953125,3615.949951171875,0,-0.00041636849734816295,-0.00041645520277939694
2026-01-23,3610.72998046875,3610.72998046875,3664.2900390625,3591.7900390625,0,-0.016998925378975405,-0.017145065630049642
2026-01-26,3533.49951171875,3574.02001953125,3683.0400390625,3574.02001953125,0,-0.02138915653282214,-0.02162121959665986
2026-01-27,3681.18994140625,3681.18994140625,3700.2900390625,3647.2900390625,0,0.041797212422893804,0.04094731059384602
2026-01-28,3652.9599609375,3652.9599609375,3673.43994140625,3614.800048828125,0,-0.007668710639246679,-0.007698266400696491
2026-01-29,3668.610107421875,3668.610107421875,3678.2900390625,3641.85009765625,0,0.004284237071232155,0.0042750858555987955
2026-01-30,3652.280029296875,3651.25,3689.14990234375,3645.10009765625,0,-0.004451298351918931,-0.0044612348783543065
2026-02-02,3627.567626953125,3668.0,3678.659912109375,3602.199951171875,0,-0.006766294518908422,-0.006789289676371843
2026-02-03,3619.820068359375,3620.300048828125,3633.780029296875,3610.219970703125,0,-0.002135744771836867,-0.002138028727245404
2026-02-04,3644.7099609375,3645.179931640625,3650.25,3619.610107421875,0,0.006876002704025552,0.006852470806111111
2026-02-05,3628.219970703125,3630.330078125,3677.39990234375,3626.830078125,0,-0.0045243628192936924,-0.004534628724911239
2026-02-06,3698.64990234375,3699.10009765625,3702.419921875,3674.5,0,0.019411703868378316,0.01922569999226808
2026-02-09,3657.237060546875,3656.278564453125,3689.81005859375,3656.278564453125,0,-0.01119674553967187,-0.011259900960979738
2026-02-10,3668.260009765625,3668.260009765625,3677.320068359375,3647.31005859375,0,0.003014010039890991,0.00300947701772952
2026-02-11,3663.719970703125,3663.719970703125,3688.18994140625,3659.1298828125,0,-0.001237654651091713,-0.0012384211781385148
2026-02-12,3669.530029296875,3670.7099609375,3689.340087890625,3661.389892578125,0,0.0015858358827121055,0.001584579772802752
2026-02-13,3668.0,3668.0,3694.699951171875,3659.780029296875,0,-0.00041695510996220264,-0.000417042059914389
2026-02-16,3618.32958984375,3664.449951171875,3666.219970703125,3620.1591796875,0,-0.013541551296687548,-0.013634074322083006
2026-02-17,3656.070068359375,3656.070068359375,3676.030029296875,3650.2099609375,0,0.010430359528761146,0.010376338642290879
2026-02-18,3663.75,3663.75,3696.830078125,3639.75,0,0.0021005974986882947,0.0020983943285388705
2026-02-19,3678.280029296875,3678.280029296875,3709.669921875,3678.280029296875,0,0.0039658899479699805,0.003958046536994378
2026-02-20,3698.7900390625,3698.7900390625,3702.659912109375,3685.260009765625,0,0.0055759783383173556,0.005560490119079002
2026-02-23,3647.34814453125,3703.159912109375,3729.25,3686.39990234375,0,-0.0139077628056683,-0.014005381904500382
2026-02-24,3691.93994140625,3691.93994140625,3733.1201171875,3690.610107421875,0,0.012225813140941844,0.01215168148901214
2026-02-25,3710.110107421875,3710.110107421875,3720.169921875,3702.0,0,0.004921576814357342,0.004909505445764574
2026-02-26,3697.68994140625,3697.68994140625,3764.280029296875,3685.6298828125,0,-0.0033476542894991246,-0.0033532702210878392
2026-02-27,3764.2900390625,3764.2900390625,3778.699951171875,3760.77001953125,0,0.01801127155375326,0.017850990320229795
2026-03-02,3716.570068359375,3772.919921875,3804.0,3764.669921875,0,-0.012677017500758225,-0.01275805650415263
2026-03-03,3770.800048828125,3767.699951171875,3846.8798828125,3759.800048828125,0,0.014591405374119404,0.01448597516456342
2026-03-04,3801.260009765625,3800.3798828125,3805.330078125,3736.0400390625,0,0.008077850997951108,0.008045399799740024
2026-03-05,3759.110107421875,3759.110107421875,3799.06005859375,3759.110107421875,0,-0.011088402854702029,-0.011150337456422686
2026-03-06,3788.47998046875,3788.43994140625,3819.679931640625,3788.43994140625,0,0.007812985575731846,0.0077826222535177635
2026-03-09,3711.901611328125,3772.919921875,3791.429931640625,3744.1201171875,0,-0.020213481273603007,-0.020420569081959106
2026-03-10,3761.830078125,3762.02001953125,3762.169921875,3701.8701171875,0,0.013450913312061274,0.013361252892472118
2026-03-11,3709.070068359375,3709.14990234375,3712.0400390625,3681.39990234375,0,-0.014025091157738312,-0.014124372124934052
2026-03-12,3703.429931640625,3703.429931640625,3749.699951171875,3680.02001953125,0,-0.0015206336399152809,-0.0015217909766542825
2026-03-13,3692.56005859375,3692.56005859375,3736.35009765625,3673.76171875,0,-0.002935082679439205,-0.002939398481499454
2026-03-16,3638.606689453125,3695.739990234375,3702.06005859375,3645.010498046875,0,-0.014611372133286893,-0.014719169565300696
2026-03-17,3702.239990234375,3702.239990234375,3703.550048828125,3677.760009765625,0,0.017488370195574587,0.017337208486073452
2026-03-18,3699.389892578125,3699.389892578125,3713.080078125,3645.80859375,0,-0.0007698306062728921,-0.000770127078019184
2026-03-19,3704.31005859375,3704.239990234375,3721.27001953125,3698.610107421875,0,0.001329993906696858,0.0013291102482210814
2026-03-20,3690.949951171875,3691.090087890625,3728.3701171875,3685.0,0,-0.0036066385401191114,-0.003613158141516283
2026-03-23,3626.27783203125,3694.7900390625,3717.389892578125,3694.7900390625,0,-0.017521808747390843,-0.017677132683444386
2026-03-24,3709.570068359375,3710.06005859375,3726.72998046875,3709.1298828125,0,0.022969071920633688,0.02270925378581805
2026-03-25,3703.22998046875,3703.22998046875,3709.0,3701.219970703125,0,-0.0017091166290946758,-0.0017105788352119664
2026-03-26,3698.919921875,3699.699951171875,3705.260009765625,3684.469970703125,0,-0.0011638646847432765,-0.001164542501220954
2026-03-27,3658.699951171875,3681.52001953125,3689.0,3651.0,0,-0.010873436449723717,-0.010932984313196155
